Time, Temp (degC),P (bar),Vwind(knots),heading(deg)
00:00,15.183231572576606,1.0062887385437231,10.903260883325917,66.0
00:01,21.179774394936285,1.1502588735631334,2.4989212416879303,86.0
00:02,21.47871564064488,1.1598467956014216,3.2903417398652834,57.0
00:03,13.169955878395848,0.9607393481302156,4.373609335895649,19.0
00:04,13.198871213710193,0.868034926080433,16.55631516506871,83.0
00:05,12.544728114547649,1.0504255119236852,10.67630377741157,58.0
00:06,21.772197114697892,1.2624229354831586,5.912543537240181,60.0
00:07,14.16715352467173,0.90194700723236,15.432420237068081,20.0
00:08,18.079317597939404,0.9691626951580152,6.825041491712809,15.0
00:09,19.1871344802569,0.8436717827438096,2.6898324523575723,86.0
00:10,17.8631697264427,1.1036620898704657,16.89864071979797,59.0
00:11,21.30555000960397,0.8839050633721051,16.798869759907365,43.0
00:12,14.500749523369198,0.9348268020846059,5.550000073212315,26.0
00:13,17.72912253578102,1.112177203420416,6.70027675821768,82.0
00:14,20.553537659995637,0.9012128634270962,3.2385078656132205,28.0
00:15,19.403062284711247,1.0935649618227643,13.033671172714618,85.0
00:16,15.817819451164798,1.1351938800905284,2.3578039853909605,12.0
00:17,17.17561241480373,1.0475792532542452,16.911492815730668,17.0
00:18,16.633381869880996,0.8327295592586988,14.177931873082883,51.0
00:19,19.078217759248453,1.0760437471555675,17.444640911638476,17.0
00:20,13.503394935398017,1.0097864546221607,16.626855702692644,60.0
00:21,18.04772906448186,1.2641359424130825,3.3498779572066906,8.0
00:22,20.396653730765575,0.8442511849482566,11.59001589786849,35.0
00:23,22.08196276947311,1.1417686881768638,1.9324215043831128,67.0
00:24,17.666360580304225,1.289755124077477,8.973924095611851,75.0
00:25,14.059925507247009,1.1329872112311894,4.833993657432352,69.0
00:26,14.710191610687568,1.1075981258122982,19.268166602538013,25.0
00:27,17.80574370703016,1.098964171718439,5.612068764782401,68.0
00:28,21.890916411802333,0.8406708970697019,3.731708606464965,47.0
00:29,21.22175997548072,1.2273029910508404,9.589785359613954,36.0
00:30,18.605040351114596,1.1041592041325579,5.349249890611489,54.0
00:31,17.160024359456713,0.8858630021086323,19.538281249576112,15.0
00:32,16.59984035796795,0.8772671688819333,4.739128712135354,66.0
00:33,15.767539980249673,0.9497346245476422,16.89159374818268,78.0
00:34,19.28787147108132,1.129917736388132,11.476369850302019,51.0
00:35,18.271973033169026,0.961516980714711,14.10234400864963,38.0
00:36,14.88411325632833,1.0766722300057887,2.42757753250447,16.0
00:37,13.801130230134678,0.8957661505543939,5.432929709807032,76.0
00:38,17.384455241091892,0.9707014159892613,12.976284751599616,61.0
00:39,14.746751766753365,0.8851363379673215,13.692999105074165,59.0
00:40,16.59524864239625,1.006399349340455,5.103455527966245,27.0
00:41,20.4282054566737,1.2142295150978082,19.98842939751406,67.0
00:42,14.593754610656228,1.1562045155561333,7.088304621836741,26.0
00:43,15.980300163424758,0.8458943695928542,0.7481333734204343,53.0
00:44,16.04878403820726,1.2191241217204087,7.050269774665569,22.0
00:45,14.769803515972079,1.0714133876134586,12.889325090453498,44.0
00:46,16.998731377193256,0.8525780467934935,10.78631603181082,43.0
00:47,17.05656534022806,1.0940886035564599,2.4772304992756022,21.0
00:48,17.696849222980052,1.1579575760080716,17.283355787136227,74.0
00:49,17.865008707658436,1.0515003387529993,2.768626555018092,19.0
00:50,18.8033354344487,1.222046602503249,16.01078149100253,46.0
00:51,15.115796746813377,0.9271897788278343,5.835192848278914,36.0
00:52,21.867709683182735,0.8131392794999042,13.246973608446703,72.0
00:53,21.016579419865465,1.0534230417521915,7.838258679329082,65.0
00:54,21.601658539137585,0.9170745209832798,11.254317393354729,84.0
00:55,19.818416473054487,1.2715181258984771,17.53534171427351,34.0
00:56,14.212523178029528,1.1047434454046199,8.1224206114602,30.0
00:57,16.552616441687576,0.819702006642925,9.447760595352783,13.0
00:58,17.50990768449546,1.1567112729743674,4.482269438823185,64.0
00:59,18.759094595612435,1.2005221114299591,3.6130695949487923,45.0
01:00,16.580066710580525,0.99304033572072,18.09806709084897,18.0
01:01,16.33105197632833,0.8755286709610226,14.852880396901252,85.0
01:02,16.718235461153355,1.2887312998319143,11.951506706865926,74.0
01:03,15.6798862937322,1.1713552945293002,15.542201767810207,62.0
01:04,15.045264619847837,0.8859156451441981,4.064031452318724,81.0
01:05,19.449533902460512,0.8020455284205239,5.763727080794232,9.0
01:06,18.53785155732832,0.8008378521364072,11.296727152722678,29.0
01:07,19.631730434130905,1.0940032250890313,2.50741737331333,40.0
01:08,20.44183915098981,1.0718770040320795,0.5524261332609881,55.0
01:09,20.465677918097146,0.8662549240132418,5.136034042235693,7.0
01:10,13.762161841032645,1.1702460793345315,5.087103821045218,35.0
01:11,16.863921992875525,1.007872886287138,13.288174242614906,32.0
01:12,16.040005893619266,0.8325706810597429,9.415147138818746,52.0
01:13,21.159197359805415,0.8438833974738453,10.405951379603165,7.0
01:14,15.219332084254072,0.9776337303010217,8.553832162630746,40.0
01:15,18.109281978053243,1.078843994276774,2.360323645551796,75.0
01:16,13.099545624940598,0.8441470758560417,15.007845182024964,68.0
01:17,18.97012179975023,1.1906488484613384,9.866935169467139,58.0
01:18,18.681220924491274,1.2927783266472481,1.8643901811963737,79.0
01:19,18.840958520823204,0.8423898302677505,12.814342153763272,76.0
01:20,19.699412661764555,1.206152260512614,4.992816158149973,81.0
01:21,13.292566291346358,0.830677995048189,16.73544801771832,66.0
01:22,13.08510098628254,0.810850480975763,1.044931014663526,58.0
01:23,22.255525478978882,1.0999736549228136,8.866002651126824,63.0
01:24,19.462870639235877,1.2414369268444627,14.192664348442612,62.0
01:25,16.074658444355716,0.8277366421817377,13.063804004937172,25.0
01:26,18.853725253588728,1.1848201464594963,1.1969451754095184,23.0
01:27,12.820864989722455,0.8974844112117356,6.506275116884359,85.0
01:28,14.325602486425563,0.8332600435158043,18.699411730504732,60.0
01:29,18.180684474539333,0.9307848945111283,15.736487677698692,83.0
01:30,16.88873995699989,1.0125495826451307,15.01582744649089,44.0
01:31,21.2866193320141,1.0460241997290773,10.33648996754551,40.0
01:32,19.36413597592624,1.2909479992083053,3.0871328437018453,66.0
01:33,20.025227735885668,1.0371762901925083,14.468939234999569,29.0
01:34,15.179635966451732,0.8460584460783802,12.70999025966816,84.0
01:35,15.204411742868738,1.213262777559118,3.6069722137940707,87.0
01:36,17.613097939664723,0.8104935022076643,9.261434043865599,27.0
01:37,21.489966885085614,0.9604650739090539,11.402020028631012,9.0
01:38,12.679174916960045,1.0887024511700938,7.850935967280601,24.0
01:39,19.53225837963223,0.8951645612533311,17.7449410734109,61.0
01:40,14.81440037377,1.1740716911333433,15.943358161633473,67.0
01:41,15.125864265153844,1.0130990279437022,2.5115565175686982,84.0
01:42,16.30816900240883,1.2914964202092893,2.1860575335583277,83.0
01:43,20.747609285347,0.8296141003269595,4.479905326053519,56.0
01:44,13.676729876961517,1.2947954816830043,17.652058024899468,30.0
01:45,12.593579653762294,1.0197501863505276,3.4415239208885606,86.0
01:46,17.531423908640384,0.8150540383493973,16.45368252894285,86.0
01:47,19.35876403005668,0.8301653459284544,2.3058454791931604,62.0
01:48,15.280337646833287,0.8133181483982004,9.407624939064402,13.0
01:49,21.496303275859294,1.2753511238354316,3.275849240375346,46.0
01:50,18.018891354382045,1.0681514718510354,10.855875566776085,13.0
01:51,18.111183183047544,1.1801758723957598,5.958891172747689,86.0
01:52,14.961768560154276,1.1338248242112614,19.24780834123292,24.0
01:53,15.777537123213635,1.012653548560991,9.8259417025387,26.0
01:54,20.69812047571264,0.9104143106041027,0.751007084119959,22.0
01:55,18.361409320566764,1.0499396820385754,8.50084214695157,45.0
01:56,16.887513877958085,0.9690643530930005,4.071157823864498,49.0
01:57,14.918443588865294,0.8896096170876959,9.84416652859734,15.0
01:58,19.949121251721593,0.8733185463780069,12.290751156435551,83.0
01:59,22.234030320991174,0.978261078576564,18.92337368967683,67.0
02:00,14.93060064077404,1.250455837878883,11.089549931664749,70.0
02:01,13.877778399518457,1.2823001439722097,19.716497598608086,25.0
02:02,20.60201094068177,1.090726814966719,7.272708652805536,42.0
02:03,16.944094186309968,1.2684847288588448,11.518907155674524,87.0
02:04,15.745873291857261,0.8079295773488127,10.682150165579959,81.0
02:05,19.520483739244447,1.0579964650694291,1.8846036574097602,21.0
02:06,14.753703423752093,1.0393345112752046,15.544918855894071,50.0
02:07,21.899009295245992,0.9325850008202252,16.36300854438109,57.0
02:08,18.98300496128913,1.0065921464037126,19.077176170169093,30.0
02:09,21.95559721267499,1.1140238661433979,5.3231920009903,74.0
02:10,15.853261607600137,1.109063209583916,16.931165954186042,37.0
02:11,18.225431726383803,1.1980115072257431,15.903060860259801,17.0
02:12,13.740365935963027,0.8982602756664007,10.163159742462003,37.0
02:13,17.186566137913932,1.26135848857039,13.382507916340012,62.0
02:14,18.452494603506768,1.210197881725341,14.824608057012265,11.0
02:15,20.151501645034884,1.1873004244851337,17.06342119733613,62.0
02:16,19.828535221558194,1.0469960103005316,7.339277851084185,54.0
02:17,13.903973852218096,1.046807604691177,8.90999222553399,62.0
02:18,18.019018851480897,0.9299811290836731,12.736772849794454,74.0
02:19,17.338165899935454,1.0038180448226088,19.47021648932507,79.0
02:20,13.1001522800223,0.887675573336851,5.925015187299678,44.0
02:21,20.336063231029826,1.1856749966699731,18.57579307169161,42.0
02:22,15.770640415685541,1.130540658499571,4.28452930858014,21.0
02:23,14.384373739562333,0.9252438044815885,3.9401344054678678,65.0
02:24,19.2919720181587,1.291811067035161,0.5592328682532344,16.0
02:25,20.41381073233023,1.1171717355651358,10.684536006795975,86.0
02:26,20.186187747678265,1.240894460872556,1.8277368586938358,19.0
02:27,20.320166971527225,1.2884314901079863,18.028737149429357,20.0
02:28,22.45706148917004,1.2041669743701253,18.014270119673736,65.0
02:29,15.137040359176027,0.8295992109205654,16.5390010512786,64.0
02:30,13.951778053611202,0.9231807605754041,15.226870716332584,87.0
02:31,18.395497361075655,1.2852501421814622,9.416864496041095,58.0
02:32,21.941490618630418,0.8349375068650179,19.75952903207428,76.0
02:33,20.38109198226987,1.044057126150338,12.841985688098283,46.0
02:34,17.52271827311966,1.1122489005555867,11.137236205007405,8.0
02:35,17.22124108570622,0.8981917256675788,8.829362409971345,47.0
02:36,16.30095073299477,0.8934475139046765,11.283970948297934,53.0
02:37,14.305404787889376,0.9479786375954877,7.500164398271092,18.0
02:38,20.502111116801007,0.8357390299920886,16.868953801869782,57.0
02:39,18.859242823488003,0.974479814997621,10.790799940091997,28.0
02:40,20.82733881886166,1.007037177164975,17.049385006206023,80.0
02:41,18.442997378854987,1.0228266438733018,3.9105403759355495,62.0
02:42,12.932515674166742,1.1291755920719528,4.666114479648176,73.0
02:43,18.795685767557178,1.1242440164251362,18.50931096730783,76.0
02:44,14.133237149203158,1.298116714175808,10.899913785752853,57.0
02:45,14.303618563988488,0.8481295060346706,10.63526519716273,17.0
02:46,20.13504577720684,1.172148258355779,15.177694636026297,57.0
02:47,12.90530039219402,1.2274760120017798,14.786569820436885,68.0
02:48,16.37273939296126,1.0589007731827182,2.8533930395443297,62.0
02:49,15.886373888812352,1.0648407885506304,10.202587703741933,68.0
02:50,13.625962244271582,1.249386502498316,10.266375063344071,76.0
02:51,21.636190437746574,0.8184166303319644,3.2063284372991085,20.0
02:52,18.652394070222744,1.1045008645894767,11.395295464940865,50.0
02:53,17.177091427152813,1.0360580500293584,2.7322265102266474,23.0
02:54,20.79901190172209,1.066931343366452,17.122564715168313,53.0
02:55,15.260553540460855,1.2301121686851437,17.199301414305346,68.0
02:56,15.081108567520781,1.159128108307318,5.122138150857176,55.0
02:57,17.85007620992378,1.1391389001315386,6.296998347690915,9.0
02:58,19.560743431634414,1.1346742357103763,1.6409813947606788,84.0
02:59,19.303481580612146,1.1078738116144016,10.851845744327264,15.0
03:00,13.184043148937997,0.9245972451846318,15.17706973228574,70.0
03:01,14.549628813640817,1.2254055497881224,12.62749526123143,83.0
03:02,16.172592562531335,1.1907633963725566,8.670387660981383,55.0
03:03,19.70763746777633,0.913913422877576,13.931374305511016,40.0
03:04,14.155434256456424,1.2611512612690805,10.210714064165234,48.0
03:05,20.679808231518855,0.9617254129909107,16.13880823307942,74.0
03:06,12.866185821109285,0.9499983620312789,7.626076203763565,42.0
03:07,20.191192636805866,0.8518755175452493,9.635588799554757,50.0
03:08,21.570320849851775,1.044316841575308,10.760828889358184,10.0
03:09,16.046312212195406,1.2869156405493358,16.172999720351214,30.0
03:10,13.20447859241862,0.907327400604012,14.213248193425152,60.0
03:11,22.063819414078786,1.296921988755191,8.324353872836951,85.0
03:12,13.604974442272953,1.1070135408274908,7.911561096473676,42.0
03:13,17.089704339434615,1.0669590535788909,2.6876572821191957,43.0
03:14,22.65801092997,0.8904200536250833,14.000070535893547,29.0
03:15,16.506719327782907,1.2098247852618111,17.11480771553652,32.0
03:16,15.438770748508437,0.9796865608773541,0.900640368962482,73.0
03:17,15.646967760718333,1.0339866714891568,7.825649065807914,63.0
03:18,20.74335679886884,0.9478426335031793,13.16708085274675,25.0
03:19,18.045211332117226,0.8878895893966375,15.425766341719566,9.0
03:20,18.32331917053512,1.0694147311469564,15.44975726142081,39.0
03:21,19.867008883654112,1.044871018183998,11.281668830750494,23.0
03:22,18.471626748826626,0.9147759064039942,5.41535291301011,40.0
03:23,12.916736817578416,1.0157983380907158,5.712725552006093,23.0
03:24,14.549784482255777,1.1066763219529696,2.9419748077801833,49.0
03:25,21.347261379224705,1.170938337603524,2.3707250782782974,58.0
03:26,18.127013198730264,0.9909493043949702,5.866439906063727,10.0
03:27,15.83728015109478,1.297467569669804,17.31753500940674,20.0
03:28,19.17055220819362,1.0757312633829448,11.40580880171088,10.0
03:29,16.557910733711257,1.2057094504720358,0.45980333027542786,31.0
03:30,18.648897921997996,0.9507125612059242,8.988313225443461,87.0
03:31,17.91961231225565,1.1882528565498687,6.355504185013958,28.0
03:32,19.50280552500235,1.2970708512745355,5.82670320231041,60.0
03:33,14.808813730525172,1.045796940924819,17.011036814255114,38.0
03:34,17.12535555053275,1.1071839974756368,3.606675998813096,15.0
03:35,14.723630230851098,1.2405943494551699,18.38086306641542,57.0
03:36,19.14013000523563,1.206658796357546,18.162642964511704,16.0
03:37,21.414543466873468,1.0897046917443909,4.303715800461701,23.0
03:38,20.960808021435692,0.8455441306447753,18.43937115061103,58.0
03:39,19.075580375893633,1.0276405947271263,10.310061018234613,27.0
03:40,16.518798848350734,0.9388714346324962,14.630110715798036,33.0
03:41,17.823996179771925,0.8097610470470243,11.310700731959676,21.0
03:42,14.76079182105554,1.005203868884315,11.409236417299644,78.0
03:43,20.12204782806409,0.9469809771675737,8.336071974337457,35.0
03:44,20.87342395288582,1.2458827841649311,17.651742758751773,53.0
03:45,12.974734026208218,0.9257425653832704,7.461613503504538,48.0
03:46,15.971819291490279,1.2077816887936113,11.163289723913506,20.0
03:47,15.26089231281885,1.05775981816785,3.581610676890663,76.0
03:48,20.991814648425716,1.1317203500048199,8.341029424782544,7.0
03:49,14.045232949143228,1.280264079003548,4.418895124034656,30.0
03:50,22.38550389012501,1.0931255321457394,12.491079786620336,38.0
03:51,20.879376301940695,1.141437286234042,16.62369533475858,57.0
03:52,18.02728185959214,0.8340863095485809,4.288122965956096,36.0
03:53,16.063914248412512,1.016346893771799,14.595423089423381,31.0
03:54,17.2464844338435,1.1096355120816823,17.28210271953635,14.0
03:55,17.67424121435241,0.868347456134438,4.860822864441299,17.0
03:56,14.277447096236719,0.8158447669103637,14.786317506044524,49.0
03:57,18.924211230729753,1.1244283618255502,5.159929385944517,72.0
03:58,19.36808609191459,0.8845403041336831,8.507018266334498,54.0
03:59,22.817403195244015,1.2222780515617218,19.51873333728833,79.0
04:00,16.50399891337356,1.0576769714787528,8.656057296723178,70.0
04:01,20.22335836372804,1.0114530603000444,0.0895955402885118,36.0
04:02,15.779836563082295,1.2504260563886391,18.632170107802374,74.0
04:03,20.2076997202341,0.9327304938426979,16.90819071493411,33.0
04:04,20.42936896936498,0.8860481682890717,15.271326996876267,65.0
04:05,20.15519305153095,0.8525620892261833,18.690331147085033,40.0
04:06,21.67899060866334,1.2218891182960863,2.9337005578530295,66.0
04:07,19.116902295368835,1.2008882701728218,6.937066113367658,43.0
04:08,13.227654848219434,1.1878344520649862,6.143771551205315,9.0
04:09,19.5999207325476,1.0233486568241572,12.746951298946032,16.0
04:10,16.70177172124216,1.2860944176105387,19.88126649763663,13.0
04:11,13.547655950820017,0.880707253835896,0.2674788634853975,41.0
04:12,17.749255431715643,1.2459094516669733,3.8753579174875785,77.0
04:13,13.936495395109786,0.9922881324363255,14.107667073827875,30.0
04:14,22.249152992104616,1.0351344460231966,14.004763991855922,32.0
04:15,18.07047697066124,1.0273457034627065,7.236302848619182,13.0
04:16,19.464309622769104,1.085752968298038,18.007125801421186,13.0
04:17,17.85944520499646,1.0292850086707568,8.482396207661644,54.0
04:18,21.222879994981064,1.1256192825483895,4.942067946572419,28.0
04:19,21.7876289818018,1.075615007427798,9.12531656493419,48.0
04:20,15.863542758549848,1.1266686591602089,10.842206634100297,33.0
04:21,17.061446188757397,0.8370932317630368,18.095887054997103,37.0
04:22,16.889126662812423,0.9110054617998122,4.946319970697579,50.0
04:23,21.19015001767373,1.2800324594480754,8.810389553365017,7.0
04:24,13.983276371488646,0.9154801363197809,2.4999224287073285,27.0
04:25,19.360993688958768,0.8103987170204247,11.895798446370069,72.0
04:26,22.608975862322144,0.9880132659666949,7.7126093406680045,52.0
04:27,16.605959431591526,0.9650264692060233,10.24888315306205,39.0
04:28,16.845603632963527,1.1466676765042365,5.378814621304031,28.0
04:29,19.155287103626936,0.8262269600519708,16.931027047499963,69.0
04:30,19.02109051744475,1.0558305274385071,19.53262413608475,12.0
04:31,12.949367270364132,1.1924645490299663,13.644076513886183,59.0
04:32,19.602795084888566,0.8076261689050503,17.152805308057523,59.0
04:33,14.680803312558428,1.0529372963549644,3.4591257518972074,37.0
04:34,19.299605324629496,0.9649238774727995,19.09275904592287,32.0
04:35,21.52624781833788,0.9210229541358077,15.988618827686489,79.0
04:36,15.98211913025643,1.2375838708987856,16.579332095364194,20.0
04:37,13.652365766288785,0.8069552928201009,19.778891706484302,35.0
04:38,12.99298538430273,1.1297500346920477,16.442885547288093,21.0
04:39,13.274424499543457,1.0263619222381335,12.815705539187615,52.0
04:40,20.006512088988654,1.2988888246654655,7.677086256641587,39.0
04:41,15.538460820778146,1.2431730805114016,15.35490631479852,75.0
04:42,17.269267054632433,1.061026663718655,11.437711431930085,55.0
04:43,19.170561938952975,0.8168353015400622,4.9449037420093545,8.0
04:44,13.198490323522897,1.2783790989239174,8.734865257611787,23.0
04:45,18.4418089956332,0.9730912088502885,1.8330914518985586,74.0
04:46,17.08007569396002,0.8913789992440277,9.91061629316823,72.0
04:47,13.195078868825743,1.1337387429609813,17.263674724966936,49.0
04:48,20.23994356690684,1.1658902014612356,17.90377620756608,80.0
04:49,15.872559373100183,1.1467669083146421,19.3609806272372,28.0
04:50,13.489201408259456,1.0957610794736636,17.316450313320665,66.0
04:51,14.577787835648687,0.9685734939830609,14.610329235354179,41.0
04:52,13.773784523611484,0.9232390102925867,18.615813424521882,51.0
04:53,19.299714328895092,1.1583358094250997,8.19162968263962,46.0
04:54,15.707493950112525,1.2035692161921443,7.257534897693403,60.0
04:55,21.913908496530695,1.1558097746311897,1.9815882224085724,69.0
04:56,17.304362900587904,0.9056256819826065,8.431834053033016,24.0
04:57,15.608412769146822,0.9536109777193817,1.3133771759842627,55.0
04:58,21.944534831794975,1.0021237043020497,3.953171968008211,66.0
04:59,19.095914631695262,1.2993827308027663,3.422638747198774,46.0
05:00,21.278162182348442,1.2637205854756215,14.515778958655163,19.0
05:01,14.43185131226823,1.1040148388555553,7.025296804378036,28.0
05:02,13.864721193091977,1.0648183610728195,5.761794722894971,27.0
05:03,22.522557483563414,0.8779276041026238,0.41315912925455,75.0
05:04,18.128255802743013,1.252114673196262,10.777030085230443,57.0
05:05,20.673755720078972,1.2521193770037362,2.5771900417082727,48.0
05:06,18.773850883302035,0.8759211749262397,10.166601618007341,44.0
05:07,21.237270503249647,1.2440830953460689,10.135700851118015,70.0
05:08,13.100347416034882,1.186520644417906,3.308693201306143,24.0
05:09,19.049384728894115,0.9707107190843144,1.3910932201848691,69.0
05:10,16.579952463263332,0.8544995432145669,11.651204773199417,39.0
05:11,19.530294570034563,0.9071708800319229,9.971236248784596,51.0
05:12,14.785993484114003,0.8779240356682749,8.328126059461315,70.0
05:13,18.59497804911742,0.8451017413321102,4.9177927981995495,12.0
05:14,19.5887972783675,1.07751138331209,16.439246283927595,83.0
05:15,22.351582055712463,0.9319327756425309,19.047836141447053,59.0
05:16,20.01172015354719,1.1680757816269944,18.196576204279587,25.0
05:17,15.336684288198354,1.2447134618109965,1.746473740266663,75.0
05:18,13.558483092414377,0.8367227480416515,6.528685681833693,28.0
05:19,14.076333619804315,1.2477030818264616,4.402971365774357,57.0
05:20,21.41946593112828,1.1308923182194688,0.9092593065675514,34.0
05:21,13.217780425466241,0.9852672327083241,2.8383780267090475,48.0
05:22,22.597234621829678,1.139634794761617,14.150034233637133,85.0
05:23,18.98296424502858,0.8508041245651201,8.030226600245927,10.0
05:24,19.19343252605671,1.1939659117317831,7.2743066012227615,78.0
05:25,18.572357576886624,1.0880578141296415,15.64209350018551,12.0
05:26,22.59102598363319,0.9169509141903863,6.74076404129019,87.0
05:27,16.034928374097788,1.200233540900444,5.4478491028811815,39.0
05:28,22.148052512608537,1.1878641574933964,11.075809618339921,32.0
05:29,22.408368660498674,0.984200442479331,5.333855207952132,26.0
05:30,15.857792872586668,1.0748298246549133,11.839735242063131,14.0
05:31,16.773099868996923,1.2248463783834378,4.015693367356694,84.0
05:32,20.909898424226327,1.2845511388349267,10.089129017521008,57.0
05:33,19.564036596761294,0.9900051248943262,1.3599925448576822,32.0
05:34,20.810088171380354,1.0706847131965975,3.047265660713714,42.0
05:35,15.193951988759093,1.2332666301746888,2.0204309447442648,69.0
05:36,21.81239044150304,0.970386526043242,8.10073683359898,8.0
05:37,21.82060318718536,1.2378704450430695,11.505441812547057,32.0
05:38,14.722216759246153,1.1670778845331846,18.203152382053304,37.0
05:39,20.275822946455826,0.851441890103671,8.073516366051344,55.0
05:40,17.556067456595912,1.2571498761307698,4.405778223558996,42.0
05:41,14.399234746923712,1.2840079323118077,0.3480969870998152,42.0
05:42,21.222480943123582,1.201447076405108,13.338939671843114,21.0
05:43,13.415387305630817,0.9862426207418362,3.4320338206210765,11.0
05:44,19.220507091404258,0.8513035957928126,17.296261335437954,55.0
05:45,13.520073844076897,1.0911813059772215,16.70277752920294,47.0
05:46,19.469445537691435,1.114315136822313,14.247167530695648,71.0
05:47,17.6341425408041,1.114354036341209,10.389401811128725,37.0
05:48,21.35853178338591,0.8491601503515156,12.867417568227598,56.0
05:49,13.927540586910556,1.0360219370115413,0.0720561733906333,39.0
05:50,18.594179662200524,1.0858485643926061,6.545612049696723,82.0
05:51,22.806201649839775,1.1614104054224768,7.574880539636757,65.0
05:52,22.53315586930262,1.226614729209302,14.439695247503225,11.0
05:53,18.540577649901408,1.2285119057486371,17.43005558547319,16.0
05:54,21.84115398127363,0.9175631490300954,8.438076981941515,33.0
05:55,21.815151798853783,1.1187865471387064,12.358797638339814,77.0
05:56,22.917208968009987,0.8278622585969031,9.994887371759635,84.0
05:57,17.929466682103428,1.0971530720588698,10.648390306305123,86.0
05:58,16.734359830195853,1.2509054013452165,10.907315060355193,85.0
05:59,22.181210318478207,0.8730337322315511,15.96909256947464,48.0
06:00,15.403697848723677,1.1341173186128306,3.0983821916449084,27.0
06:01,22.798331101399942,1.1483173224406593,14.855446184061943,68.0
06:02,19.14918396404061,0.8098321434224451,16.49721872432891,25.0
06:03,22.179551092166218,1.0669933940475678,11.317561594659452,16.0
06:04,15.510706923084774,0.8203168139683152,14.18785700910244,51.0
06:05,22.37939326743801,0.9566824839019809,4.445866435175468,71.0
06:06,20.37132356499725,0.9524381719593893,7.664152698579805,60.0
06:07,15.88176395090563,0.8803064714425131,3.2401645769303533,60.0
06:08,15.34126608497477,0.9450123671380257,6.370120560039306,87.0
06:09,21.70895099639867,0.8697172116158458,15.072236022075838,85.0
06:10,20.277939050989296,0.9067786371681326,10.280809598370176,71.0
06:11,14.759125144995052,1.1901300580013987,3.1289473041917093,37.0
06:12,20.26639147833478,1.1051871171150767,8.291908059370938,61.0
06:13,21.030978046540245,1.2721493277543305,10.174313897409109,31.0
06:14,20.002372852738556,1.291502343042922,5.493574199483686,20.0
06:15,21.289980131533806,0.9272777943748471,0.12477841258676792,59.0
06:16,17.292710322198936,0.9368354481440646,10.04341530181465,46.0
06:17,22.914137353231407,0.9344019707208361,13.984157973693097,16.0
06:18,13.159847931401018,1.129424277210108,0.35088161109866123,55.0
06:19,15.579615779645724,1.0888882816020677,1.3524012949243702,38.0
06:20,21.25056667545552,1.2994967435760034,12.175388258882702,68.0
06:21,22.165542384902157,1.1629285163610343,13.657457806543889,33.0
06:22,15.989664039976976,1.292485708136416,9.726753821381156,27.0
06:23,14.569554109860645,1.239400427940038,14.619730125507235,63.0
06:24,13.745653833861082,1.0488038832288191,11.686700548992338,66.0
06:25,19.438262442301564,0.9489800299429861,12.880969193428612,74.0
06:26,14.214169359111938,1.1333213098041424,15.241295367002994,34.0
06:27,18.598979714349653,1.1119624247222322,5.894358088596848,26.0
06:28,16.77605886721721,1.1230488706254445,8.519910053699215,72.0
06:29,14.531796861399009,1.0374749585805176,12.658338891878858,32.0
06:30,18.29537430201879,1.1780862836657635,1.41423504913734,55.0
06:31,20.026460205778562,0.8704032760619298,9.344021721795388,31.0
06:32,18.05916905290718,1.2176507205879186,14.200214504274856,77.0
06:33,14.64630082811555,1.108672957150761,2.0638228598180253,39.0
06:34,21.324881425940948,1.0696169900496948,5.974734557518929,82.0
06:35,14.180951349291957,0.9966164869821024,16.212841313013165,84.0
06:36,14.955270741981487,1.139687156999597,10.925570198850295,35.0
06:37,21.159572484369477,0.8279904105566369,4.379227305634776,68.0
06:38,16.805251064403095,0.8350565814114608,0.14116046110844493,30.0
06:39,13.035414601262294,0.8466274092789943,6.913850386923636,31.0
06:40,14.735334819774309,1.130162454461994,9.300805085993403,74.0
06:41,21.492328343171895,1.1955997062924921,11.185185883922701,26.0
06:42,20.664377929973643,0.9549223243580239,15.633823442817627,83.0
06:43,19.768451554169435,0.9558816938422032,2.7721008290379157,66.0
06:44,14.755929202658034,0.8117876642473214,5.996208254515616,74.0
06:45,16.342413755873913,1.2328643938036077,13.95820476590673,65.0
06:46,22.527373117639858,1.044795907971571,2.866381410989405,57.0
06:47,21.885975550383673,1.1265168874469182,18.02913044786276,32.0
06:48,16.72494545984035,0.9405764994066086,2.519123264916947,26.0
06:49,17.654732964319688,1.282408026958433,14.725966325176634,70.0
06:50,21.70520603966138,1.2079826446049828,10.027172892042557,49.0
06:51,17.707598275049783,0.8208887921296892,8.07555937346666,27.0
06:52,17.6740822739988,1.0111801408008851,17.98323495209107,14.0
06:53,13.43101695067482,1.0838166794734816,13.711492479971092,44.0
06:54,14.522760476614373,0.9928383040274666,17.25294126925802,14.0
06:55,16.518302355723417,1.209740693205295,1.2852530482423141,52.0
06:56,22.849187986359237,1.2155850226248994,0.44236515548440103,77.0
06:57,13.211126620406585,0.9800579353286409,3.212615150896865,58.0
06:58,18.587650100659765,1.0049476025244728,17.765323684408614,41.0
06:59,13.52730607545018,1.0239202060449362,10.020533709947582,81.0
07:00,22.281413341299324,1.003050834506179,10.54648705612638,15.0
07:01,22.275208669020923,0.9821649235228986,2.91259101900907,44.0
07:02,16.167675125674126,0.826993139020222,1.029725693293555,51.0
07:03,19.08066136184303,1.1318894486007318,14.105903853803362,60.0
07:04,15.700210532720654,1.1861058004369125,4.853157331126625,30.0
07:05,14.065173961393047,0.8978835792461171,12.568279905905186,17.0
07:06,13.737059588839177,1.2810273749238754,19.329164959553495,59.0
07:07,19.93337741285785,1.2963178615102142,17.618968630773786,30.0
07:08,22.200513720321894,0.8900408040145766,19.947177991470213,69.0
07:09,22.800433442125883,1.2083060862445265,19.883755822441305,19.0
07:10,21.746935175750107,1.04436483884344,16.802631939124574,87.0
07:11,17.39253113576492,0.9712053271806809,7.578704517579993,68.0
07:12,19.529507089108403,0.8857117693307028,6.0812662394705725,47.0
07:13,16.988177423303675,1.1243492303431364,17.597187664620005,18.0
07:14,21.496145644215808,1.0993330604626643,19.996461801034748,44.0
07:15,17.55189269982246,1.0329383867894695,4.463495727818929,84.0
07:16,14.619693762631146,1.1480006953113866,15.82053343077674,62.0
07:17,14.096994972069016,0.8789706898662821,18.481416033134806,59.0
07:18,14.011393966320222,1.152542975615042,14.427298463924572,46.0
07:19,17.76659925512362,1.1682953646137155,8.847155379289578,69.0
07:20,21.083507480577662,0.831756700951625,0.4422555785937732,16.0
07:21,18.46032090207067,0.9561730288194106,17.012506239646935,47.0
07:22,14.146025252914612,1.1338432011605422,5.836079337024051,81.0
07:23,18.976592837993888,1.036841342494187,2.5890092018071242,23.0
07:24,21.906937458815587,1.0802271266002665,0.967729504462409,8.0
07:25,22.406365312025518,0.9924286900548314,0.07341263340300053,72.0
07:26,13.02734397102306,1.0139593061684222,17.458506122297678,39.0
07:27,18.39829877536385,0.9699317052552205,15.101506879732671,27.0
07:28,18.1635058393187,1.0987546588419275,3.999478977987021,29.0
07:29,13.961244378752307,1.0379858537442177,4.369557307249281,11.0
07:30,18.0643386020422,1.2503979432761132,3.834626730402688,75.0
07:31,18.147662513856954,1.0042454978730362,2.1014652622752905,78.0
07:32,19.85256268165417,1.2954498142360018,2.8301933896295695,54.0
07:33,13.631478783055076,0.9512756833697944,16.391714208975454,31.0
07:34,21.78236511020526,0.922089996910056,9.175917342869832,16.0
07:35,22.07895955764991,1.2098669371404498,1.2122340056367786,36.0
07:36,13.539007055011123,1.014955040601286,18.0579066598324,72.0
07:37,14.643639272820469,1.1313946568604223,7.199043046708502,36.0
07:38,13.788331979398627,1.0042317724332621,8.179405552831994,68.0
07:39,17.232345148993225,1.1194951895964116,10.320336978240316,75.0
07:40,13.093989854997453,0.827829691354723,12.000301954527398,74.0
07:41,18.93636375935734,0.8098449273781752,6.481154288502397,87.0
07:42,21.214956248297433,1.1680694649464494,5.83279749652802,27.0
07:43,16.271166021457518,0.8454828482292512,11.376379629935018,56.0
07:44,22.868862964948796,1.1477075626150914,15.06375478935581,35.0
07:45,20.484975137064364,0.8246153300189868,18.836241896533014,15.0
07:46,21.364038993369636,1.0086076471077339,3.4921534410837562,65.0
07:47,20.121845972792862,1.2175256515709991,9.789197282667947,55.0
07:48,14.151873359598367,0.8799319494884984,7.991865436467345,78.0
07:49,12.972054883752163,0.9323989422247942,17.428449434816496,53.0
07:50,17.91922219606147,0.8172480090754636,9.80872040219706,32.0
07:51,13.056631865986226,0.8122025800636472,7.38581360767538,53.0
07:52,13.506293198037472,1.0848611286122019,3.9317909605524126,37.0
07:53,18.185491273633332,1.251561349132652,5.4203504323529845,77.0
07:54,21.87492662396411,1.174084289484919,5.177327421553011,11.0
07:55,18.873737525512325,1.1483041060318269,2.344239004494708,25.0
07:56,17.994525725657343,0.8220773718791756,4.3556174770894085,78.0
07:57,13.4584413009707,0.9729878837734534,18.395321809486603,23.0
07:58,21.205913952070873,1.0253245360267427,1.9113374412229223,72.0
07:59,18.613704519810007,0.9947304723945792,9.376852189546806,65.0
08:00,17.63471017767859,1.163651308780803,3.6642681499523855,45.0
08:01,21.295629703009514,0.970377528827594,10.23048339779322,23.0
08:02,14.982251138599212,0.9365718907305924,2.6393203413666533,30.0
08:03,13.260693470647201,0.9270003254140813,14.406543483283663,16.0
08:04,18.297407175476327,1.1390502360676964,15.042690251111503,32.0
08:05,22.790284232838015,1.1180864148676357,7.5998129643484695,61.0
08:06,20.213085614681916,0.9023095362798689,10.337463460567006,58.0
08:07,22.007582910040586,1.134682011540773,9.343792661007594,27.0
08:08,17.449599815865295,1.239838914809241,18.77563402827386,10.0
08:09,21.202493603095274,1.2158441181303261,18.773475217321433,30.0
08:10,16.142795973089775,1.119638909871968,8.520144582123127,31.0
08:11,19.339025200278506,1.190429166542333,5.58455065361694,23.0
08:12,19.149647718543687,1.1631256958321645,12.087023268298578,10.0
08:13,13.897192258086116,0.8782468352922372,12.388390441352474,40.0
08:14,21.07619981862883,1.182392424147071,8.239651571876026,28.0
08:15,21.402385054310503,1.293301880545077,5.313402695226923,59.0
08:16,21.75691325525537,1.2120813828322257,12.07893471746665,7.0
08:17,21.692082994706023,0.8783822621085284,12.519957558617165,53.0
08:18,16.726942857680957,1.1167599976622704,15.894525699870616,84.0
08:19,22.758949344650848,1.273846457497035,13.238894530882405,73.0
08:20,15.155761566637917,1.0716806326074864,17.077888404451752,54.0
08:21,16.200273792161873,0.8585320669646392,2.5762448336522215,66.0
08:22,20.687746572240332,1.1303848239487946,9.36754943032543,79.0
08:23,15.601568979618854,1.1317236768300765,4.327459305475189,76.0
08:24,20.03965736815841,1.0082231258545304,7.825886430519029,82.0
08:25,22.342376893962548,1.2745370905178235,5.6178535061993085,8.0
08:26,22.694145828596604,0.862458048987025,8.307774718628258,75.0
08:27,13.34495095692897,0.9022916078229898,14.917459900345147,13.0
08:28,18.033323430010693,1.0161402876854437,19.193609412573437,9.0
08:29,15.505816691289224,1.1015502613083745,9.73800283614798,56.0
08:30,21.30260415707399,1.0364004940426668,16.73193830108889,25.0
08:31,16.767772993879166,1.0778159156091922,6.376810526108729,72.0
08:32,19.438629987618977,1.2798654983060092,8.933789065923524,21.0
08:33,14.586041703331196,0.9674861341289764,6.398904967094734,27.0
08:34,14.596145022525523,1.1086484475275546,19.06155018265342,65.0
08:35,13.83865059393745,1.1882154832315825,0.5551599530486451,40.0
08:36,18.868000846194974,1.1545742709519433,17.86099477242392,21.0
08:37,20.237627212408345,0.9452738679993966,4.783577349620729,17.0
08:38,20.570277540654022,1.2487104628786403,11.955889781016678,61.0
08:39,15.180584301826599,0.8960697665630593,0.3638602278691838,64.0
08:40,17.769967924600177,1.1191141377009657,5.489178171192037,70.0
08:41,13.834897302024158,0.9565515622732321,6.632510091464161,75.0
08:42,21.16640250952246,1.17719893868093,2.037621196914605,24.0
08:43,19.310617614039163,1.193519326819311,17.91317832710671,54.0
08:44,12.821157703558288,0.8832780417886452,5.540962152414171,33.0
08:45,12.962736623137271,0.8541162239946265,18.871111056890776,36.0
08:46,21.75511449686009,1.1456941032544095,3.612879217685616,49.0
08:47,21.64685099249681,1.2135564921886486,4.547802707238304,9.0
08:48,13.504989962499366,1.0695466883685032,17.310488687843097,22.0
08:49,21.482211192882808,1.2246043147140795,18.762549206518223,10.0
08:50,17.952358074535077,0.956971048696944,3.7935639538134147,27.0
08:51,20.325491000057994,0.9162477418404278,10.072595284830934,46.0
08:52,20.391918624179716,1.0325091876858954,14.977138279490287,35.0
08:53,13.695006013260352,0.9755418191137912,14.47092030646263,57.0
08:54,14.698296740262938,0.9217897771732043,19.779741157957687,67.0
08:55,13.224295787905486,1.2511966702185526,14.660276581592255,68.0
08:56,16.653502691321876,1.0477377013856257,4.6368508677703275,48.0
08:57,19.28146877230558,0.871513083807568,18.220569736441597,81.0
08:58,15.630219390567751,0.9638667348731902,2.239871249736345,32.0
08:59,16.122054322283127,0.871055220497459,9.812821618665659,26.0
09:00,14.540849677645207,1.1768994271487252,0.2522329350555652,48.0
09:01,21.754943531642045,1.1035511883607085,12.49489388790632,35.0
09:02,12.717775307252548,1.2288531086327708,1.047526129626537,70.0
09:03,14.555317192296243,0.8829323387972106,19.5594309236185,85.0
09:04,15.526047477231073,1.206062078346453,5.398045928645088,51.0
09:05,17.37727794339216,1.2545150066193131,6.754035402118481,35.0
09:06,20.712477758871128,0.8261071329646289,11.228390362784538,13.0
09:07,16.651609675655333,1.1290125110950742,17.733824741969705,73.0
09:08,19.835593002581092,1.2841536488482206,18.6518616506954,23.0
09:09,20.12003102271378,0.9770278553392673,17.44292157662062,81.0
09:10,19.92481070621285,0.9048443939148529,15.15720300906244,46.0
09:11,16.330758392318323,0.9146189673600585,11.026380094655572,14.0
09:12,19.203713043030863,0.9275131520657408,7.449442263714534,51.0
09:13,22.575000380601303,1.0781704540197625,1.7097577643958473,29.0
09:14,16.98048111760878,1.2218827082877068,9.84163425661459,33.0
09:15,19.641651641953313,1.0312111446585568,17.504656914075536,80.0
09:16,21.167351601239634,1.2949389764064223,0.9005607568779039,32.0
09:17,16.238368768579974,1.0819543262708713,14.59817259854173,79.0
09:18,15.875186317686374,1.1459950086191442,1.8739361157029322,15.0
09:19,14.597332846260132,0.8543700282092358,11.967802671470654,53.0
09:20,14.732735868097569,1.2554923769123991,10.75234624594249,19.0
09:21,14.717923064478477,0.9057457185385005,7.036766919200708,68.0
09:22,20.455671308225465,1.2648558637737644,0.37766896745554446,50.0
09:23,19.88336241030998,1.0164467059531812,10.052396640161502,73.0
09:24,14.815445326669092,1.2076241420803047,13.269066502310988,7.0
09:25,20.104744972961345,0.9261140271199868,4.614577425803725,33.0
09:26,15.327810433407118,1.29805273058018,11.194138422224515,26.0
09:27,19.774817071788483,0.9800665350091867,18.136917506407194,86.0
09:28,21.757291961180925,0.9182697116834673,11.45944081101564,75.0
09:29,13.346172236936303,0.9026060390489037,3.782552146126832,47.0
09:30,22.40597636692272,1.2350267846347442,7.249234163055737,66.0
09:31,21.412232635970774,0.8596794867855548,0.9636322657611585,38.0
09:32,16.007040185894027,1.0766746662738638,13.562788318751197,64.0
09:33,14.305214074652266,1.0074443692863104,16.95259538016493,69.0
09:34,16.987921715697755,0.9907123431856324,5.961699225965917,76.0
09:35,14.71160870214033,0.9850653125725803,16.407812100394406,8.0
09:36,14.830511977025079,0.9548555399678365,0.04919509439097025,81.0
09:37,15.161183409092589,1.0051176188762123,2.9223411134284993,59.0
09:38,22.437521819288005,0.85985963640886,7.426448499933689,33.0
09:39,19.341515991452322,1.1528602486469632,1.518382738574211,48.0
09:40,13.832478414977338,1.0937424666802644,17.310907022676666,86.0
09:41,20.884233033211054,1.180148269780527,11.353349067996453,27.0
09:42,14.071063362309522,0.9870628797069154,0.18883004243715806,78.0
09:43,20.845002816420035,1.18667794837969,19.084441632993816,62.0
09:44,12.835789127337291,1.2915891464822988,10.929579930429242,68.0
09:45,20.75721381214519,1.291711274812712,10.450742886887276,46.0
09:46,20.03108993848661,1.2862492804511085,1.335198498523389,73.0
09:47,21.38157919440129,0.9339443698740315,10.090508798946718,66.0
09:48,15.287387754995137,1.0034175386146744,13.799536405265382,83.0
09:49,22.53715199264385,0.8314321465900731,19.281477381865695,72.0
09:50,13.177962321310245,1.2089687160410905,16.23566168292238,35.0
09:51,17.95151426433436,1.1144851566806966,9.78682148548097,53.0
09:52,22.32522721845943,0.9963267671247261,9.294802007504684,23.0
09:53,14.713265738196444,1.172603812477045,7.449950269917478,85.0
09:54,19.56939380069834,1.1020527137346734,14.974658932204317,77.0
09:55,14.167597025916141,0.9228751103026736,15.300888710194599,51.0
09:56,13.193727908141573,1.1339661256692537,9.337181343989142,19.0
09:57,19.2869565682241,1.1681696336016882,7.822604323199284,36.0
09:58,19.915134196740983,1.0967448632553336,15.419721411802334,8.0
09:59,16.968765550148525,0.8060338410975199,16.950122372545874,30.0
10:00,18.699607430008516,1.0776123998957767,17.65207218520102,65.0
10:01,15.755714649954871,1.2458857431766421,13.005813680736662,87.0
10:02,21.439133914521094,1.2443310318631498,17.102126966262826,34.0
10:03,15.71603054378882,1.1621483914812583,14.132623139371228,31.0
10:04,16.28597317586761,1.1466595584482848,15.071014785766046,52.0
10:05,19.519375490900593,0.8435595650903899,14.761370432938536,64.0
10:06,15.039224241240964,0.8849524617815595,3.966267322011423,61.0
10:07,18.098837831158438,0.8756969963072209,3.6041336064891394,67.0
10:08,18.40886795283822,1.2719382587581773,7.8220319120723225,8.0
10:09,13.04269182039907,0.9293259381554597,19.91201837330251,80.0
10:10,16.698172380892526,0.9298317979079803,12.527861521603327,22.0
10:11,15.007086225502967,1.0099388009777026,5.167800536148017,33.0
10:12,21.53043994081142,0.8547490304913153,5.354614863454545,10.0
10:13,16.068707374705976,1.174328641244922,2.9391881466849945,36.0
10:14,15.228940532414736,1.2028450607623535,8.239997769947976,87.0
10:15,12.815888002073207,1.144911249937718,17.129153395395914,61.0
10:16,13.658617751617511,1.0580226386122409,10.824803588242426,42.0
10:17,13.822480212855373,0.9927358918954833,13.595524519692992,57.0
10:18,18.270606552849184,1.2603112042821258,14.60354213080163,75.0
10:19,17.834086662132986,1.0241473663033847,19.579778737582746,9.0
10:20,18.561061154075777,1.0449006957968927,17.494943611094918,34.0
10:21,22.319843371928346,0.9495587921857789,6.510348489869095,76.0
10:22,17.763366526655624,1.2364395650083118,0.9434467299477323,63.0
10:23,22.14370836610062,1.0423613849873745,1.0941847345846711,54.0
10:24,15.920727686361543,0.802292047053679,17.556451207381045,80.0
10:25,20.790117088911217,0.9387473846078517,18.99997474637399,41.0
10:26,15.819451919809348,1.04044629293516,6.082448343446969,29.0
10:27,19.964401002843424,0.961153153507283,11.309785479655556,41.0
10:28,16.716664477844464,1.0862636857697867,5.58998037215029,81.0
10:29,18.326240378974713,0.8979814049134595,13.49113804409027,42.0
10:30,18.72663828048747,1.1521132902739324,3.2503766230110775,56.0
10:31,15.581874092146636,1.0213842590714148,11.576547851924397,38.0
10:32,15.300734451082338,0.8240226855989485,3.1912535657443564,20.0
10:33,19.132222641586377,0.966461350522836,7.96759816359871,60.0
10:34,14.620897590801157,1.1950150218853044,6.638073797640414,18.0
10:35,16.50809001980847,0.9460950515650963,19.746630230778308,33.0
10:36,19.566654011028835,1.2285158590926684,6.635980966918302,20.0
10:37,17.160515680271285,1.2908615348944124,13.239155669767262,42.0
10:38,22.320818348865238,1.057430044270848,1.5769784522289387,69.0
10:39,15.237101708920271,0.9222951649911233,13.058805410422291,60.0
10:40,13.3942139430866,1.036880906452784,4.4867810296007615,64.0
10:41,15.71888645724502,1.1299627900196145,16.875723869315774,42.0
10:42,12.84194625613436,1.0103646998070346,6.945794448954194,16.0
10:43,16.33837545943495,1.0936614375180813,11.8135241463097,71.0
10:44,21.748283373839246,1.156785566844462,3.112536602703486,40.0
10:45,20.757358339953292,1.0849791046817805,6.003385063889035,53.0
10:46,19.888989452088126,1.2427903189655054,11.93034767142578,86.0
10:47,15.576259458976441,0.8810915271571669,18.301105650852428,26.0
10:48,22.07571753965195,1.142856506140755,11.158406057027852,22.0
10:49,15.839309214465281,1.1696102063284912,0.13080687044892514,18.0
10:50,22.145295199010423,0.8913835281827827,5.689810137263778,42.0
10:51,21.18607847296707,0.9385412208061048,12.334389660627272,58.0
10:52,17.219203447232974,1.212127126367176,17.03624035846404,79.0
10:53,20.451629299038256,0.8414294597184687,16.237144723165045,11.0
10:54,17.05539427223687,1.1533329632131029,15.492514561467539,54.0
10:55,12.898630393720838,0.8122277804758287,13.489256442015712,9.0
10:56,15.643496009469537,0.9736958815760263,9.89481287343797,73.0
10:57,17.640799967352766,1.1571572990730727,1.3328677167097847,44.0
10:58,20.47322385502148,1.102829705121441,16.99556196898167,70.0
10:59,14.735506810654162,0.9102724684941057,1.9117216389385217,36.0
11:00,16.473804155050512,0.9440012737150536,11.605164756236682,31.0
11:01,20.11695327730727,0.8002271137344937,4.07164874752212,26.0
11:02,13.855048714546559,0.8575750149680061,17.131514359894854,75.0
11:03,15.684664199922743,1.230909255826162,13.531232523471338,35.0
11:04,12.612574743190367,0.9059874937742762,0.15439153331411104,29.0
11:05,12.718088361798777,1.019162501418476,2.712780696402879,60.0
11:06,12.72143466918891,1.034556913549808,18.513636001303155,24.0
11:07,12.915451286037655,1.29235867796459,16.782198173276054,86.0
11:08,13.42679217550886,1.137373527202159,9.329810764173098,69.0
11:09,14.631788054622676,1.0475150853499895,9.573502496319932,52.0
11:10,17.434685357217898,1.1940052840395607,10.408375133991266,22.0
11:11,20.786909975694574,0.9792140865355512,11.493530349467516,28.0
11:12,21.165320687583172,0.9191332315636231,2.326451018701956,10.0
11:13,15.050587080494548,0.9073337748625678,8.147590953748187,80.0
11:14,20.571552765771322,1.1885472259752452,10.938442407731113,20.0
11:15,20.11523837774441,1.1719252966903269,12.663721170432591,81.0
11:16,18.922340111891415,1.025157496138837,15.803273052549308,23.0
11:17,16.586099298604257,0.8695405837627976,6.468308832491443,68.0
11:18,21.34002241069937,1.2875934307794454,16.302255348552496,11.0
11:19,15.608947832356934,1.1931748702093272,14.870619916576658,53.0
11:20,22.041650248173685,0.9332051632514129,9.325500563714506,79.0
11:21,20.5020301530613,0.8188346041758852,3.555537372367199,46.0
11:22,20.405971445685275,1.2527295692747418,4.293921845930429,69.0
11:23,15.819151514377399,0.951770802407784,9.737379130305612,50.0
11:24,18.120382128020356,0.9699325570169497,15.964974859382421,7.0
11:25,21.47364881636754,0.9584387165976029,4.639722903731538,69.0
11:26,18.904260891069985,1.1150163300531577,7.305996287010532,79.0
11:27,21.555530473159134,1.160483275742454,3.2076488093040068,29.0
11:28,22.07920996477495,1.2048564186893707,10.437685027921042,40.0
11:29,18.74997515569333,1.1228251831669824,17.842250800772437,57.0
11:30,16.24155509624458,1.0349126673554871,15.77917895904717,72.0
11:31,16.45175557428392,1.0378508319225512,17.607405120572896,22.0
11:32,13.512775417005109,0.9999821484098287,11.282643588762705,30.0
11:33,19.43268472086114,0.8409265883872883,11.523175284222178,32.0
11:34,13.324762265253854,1.113054977469863,7.225432957762335,82.0
11:35,21.03961837507839,1.2648603539227181,17.288602680236906,77.0
11:36,17.271849518369446,1.0786238560731953,13.92067986540306,52.0
11:37,19.574334367233543,0.9735622441060161,12.198963339054202,52.0
11:38,14.592537028265946,1.1709893825924427,7.295813677881555,72.0
11:39,20.550970742177167,0.8291003929168372,13.037313823588775,33.0
11:40,14.026316753986691,1.0934902538807576,5.888623390356429,11.0
11:41,15.681467899012508,1.2966007119219758,1.9963493642509023,51.0
11:42,14.510879590258089,1.1564175456334698,1.3116193003913579,52.0
11:43,16.464104327358516,1.0717666318575427,17.87956626847932,32.0
11:44,17.31345713664832,1.1730107148074496,8.643411366257421,16.0
11:45,14.805810831326644,0.8435479965836904,19.50293914442397,60.0
11:46,21.797353664940225,1.2697700351882006,4.593537880997909,63.0
11:47,17.706153480025804,0.9784564547827441,0.27944262187417745,13.0
11:48,18.77991464519212,1.0477575591505173,18.22832048648991,32.0
11:49,19.675972306130518,0.9060050196216123,15.937533631601523,39.0
11:50,14.625443043291684,0.8644373373793226,17.321382384622286,14.0
11:51,13.123671697224095,0.9210705527005928,11.62525861637337,67.0
11:52,18.768001152649486,0.9394268392931374,7.800242514759635,44.0
11:53,12.054456982372848,1.292367727093366,11.688101830010558,82.0
11:54,17.454741286882268,1.1443226810175908,12.505816059096517,31.0
11:55,16.498144875313606,1.0397144137396344,17.207892079346962,81.0
11:56,15.897061040362631,1.0586705308905968,11.084257059755984,73.0
11:57,18.81592873995734,1.2981350949265151,15.420219257382616,14.0
11:58,16.5244803838768,0.9163694410252636,11.329586387321175,66.0
11:59,16.98359657025068,1.2234131868554383,2.055414824065316,45.0
12:00,12.653815800559563,1.2887041962403667,3.753674949080912,43.0
12:01,13.63966308837133,0.8575693270242029,9.310161302687144,23.0
12:02,19.02253792376804,0.9877269538332598,5.250973408015504,82.0
12:03,16.99087442897264,1.2204222556504014,4.175570652878504,70.0
12:04,15.291392505582806,1.2281681384708263,14.545728033720213,40.0
12:05,21.62487009324584,0.8296431551513597,9.99801295482827,55.0
12:06,16.642030874794703,0.9110211665355155,13.608744561088553,23.0
12:07,14.40830742418243,0.9709088989552347,9.542490971158742,13.0
12:08,17.221759895273888,0.8805201344697444,17.56835411781626,15.0
12:09,17.50630508237425,0.9011535656027362,19.599844059532906,56.0
12:10,12.893869217855233,0.9544231740025124,2.559596945122611,56.0
12:11,16.4997891551237,0.8397507617963793,12.377584873960764,74.0
12:12,13.619451613823088,0.8732904897054307,10.33364029151814,18.0
12:13,13.260817628425574,1.093844754396434,6.588169974017395,55.0
12:14,14.49023135225045,0.9275071507115265,1.9138792853408915,38.0
12:15,13.824167827279245,1.1627542278729095,2.1409956431030697,11.0
12:16,18.372806919948193,0.9086040366048711,7.942216771871744,75.0
12:17,17.288789089402066,1.219135226823966,1.788039419498122,11.0
12:18,20.619294892521513,0.849254141984408,2.936951472999798,77.0
12:19,21.830867965866883,1.202194496202413,15.661376308213175,71.0
12:20,19.86251175420929,1.1899784708531338,1.6192745171359046,50.0
12:21,20.47090651061348,0.9995966183661349,6.682621478977975,8.0
12:22,14.82220275758345,0.8319732913691367,17.29942444371833,37.0
12:23,13.159994208006982,1.159480189728056,11.595239255601493,20.0
12:24,21.237044861208776,0.9251191462701629,17.516536470493765,49.0
12:25,19.172607450260177,0.9138069803689641,10.343015309393444,72.0
12:26,16.936876309238187,1.2933828568740529,13.47599688123896,47.0
12:27,14.848519587043253,0.9287111361990482,8.730200826570876,61.0
12:28,21.609391420581527,0.8377057335711273,3.5814033889265273,30.0
12:29,21.56173953081101,0.8703534177023122,5.035193070512105,22.0
12:30,14.897989417208171,0.9331121426916118,14.264572286679709,26.0
12:31,20.116906320830928,0.9509753638076869,15.65254044427289,64.0
12:32,20.04209406663963,0.9133614915871013,12.754515386516657,37.0
12:33,20.71226092447771,0.8517959801120656,6.064919892565117,59.0
12:34,18.903517103343543,0.8184479343830672,17.05280832944144,83.0
12:35,14.687528876363144,1.0397864227957667,14.049808198657587,11.0
12:36,18.045835510560014,1.1033460580285464,8.422504862837705,60.0
12:37,12.350527349402823,1.2661703288708974,17.73711288623213,22.0
12:38,16.12968367866731,0.8870988878245574,7.326502085274383,57.0
12:39,19.031789649707296,0.9832126831052972,12.556563239357853,81.0
12:40,16.31688392492557,1.001387514208996,14.352698738374023,39.0
12:41,20.405772595906125,0.9797197297175286,7.98396287089882,27.0
12:42,17.281222289650486,0.8771825471277255,13.759057192189925,75.0
12:43,18.419089060170165,0.905280247146256,2.734223969039804,27.0
12:44,21.658433084522343,0.8391522571725905,9.466471315807565,24.0
12:45,21.792770195088416,1.241752742783481,0.3713583045446156,47.0
12:46,20.92994709461827,1.0221913974220562,9.672724588226636,31.0
12:47,20.15717871034673,1.2104288705954953,0.189329908605802,72.0
12:48,21.415026400702246,1.0035866073678334,9.774573014556845,78.0
12:49,14.033738578336372,1.2611083624884478,19.757480848852143,45.0
12:50,15.528850240751972,0.9127003671197171,4.426278742108025,71.0
12:51,12.204950018408077,1.103261878461299,18.137860090163127,23.0
12:52,20.78616104153355,1.0216395261865174,8.903209187120027,38.0
12:53,12.679562201680058,0.87651685266949,12.155814149930364,82.0
12:54,17.850166948729107,0.9407726721953643,16.219646971559495,87.0
12:55,14.944448837532084,0.9507137217882677,15.78840555307346,66.0
12:56,14.051655182334354,1.049513636215425,13.891189925884845,32.0
12:57,20.8826487235248,1.1347680148951609,17.66156415398882,16.0
12:58,16.212405379431004,0.9949612459244186,8.637922543725251,40.0
12:59,20.658943131182973,1.0185968194836619,16.800593261676863,33.0
13:00,17.13158454400475,1.249841928559472,12.898180554789878,60.0
13:01,19.00728429460694,0.8048301701041347,10.129784994237019,43.0
13:02,18.72637848181227,1.0020225517628356,18.045789540330492,39.0
13:03,21.02820932125614,0.9223505547154104,9.558208700749773,81.0
13:04,19.519519523493774,1.2592294152037518,13.008104414937767,41.0
13:05,17.88693345451404,1.1841306960660538,17.360377266095803,82.0
13:06,19.992410165143138,1.239464189290845,6.737396056400547,68.0
13:07,13.441803931826596,0.8702547842978052,7.573582795504537,84.0
13:08,14.915603026774882,1.2884566462327216,12.36638057744851,54.0
13:09,16.803397938155864,1.1556088130445605,4.071944611118248,29.0
13:10,15.82141958874623,1.2702672791108904,13.823925608773504,29.0
13:11,12.382876290911076,0.9116899652203065,10.98053103627235,25.0
13:12,15.97483667629517,0.9927174452351886,1.9871774392669295,84.0
13:13,17.53479369978342,1.1815922661946947,12.429570605474227,36.0
13:14,15.47917487054637,0.9297266081043252,2.8486712663339975,13.0
13:15,19.543596731446616,1.2669968028530212,13.940382965389329,61.0
13:16,16.407477341700567,0.8442380469978072,4.769493284890142,64.0
13:17,19.953057871252703,0.8906006588019726,9.797967537163693,54.0
13:18,17.73919436779271,0.9972420836067999,14.10205737309072,65.0
13:19,17.28259314921766,1.1380522787196639,14.678105963525498,26.0
13:20,17.01419782379284,1.1993305870085451,6.223597351134462,53.0
13:21,15.298148959004273,0.9621516870605381,9.316479857574816,77.0
13:22,20.327230497438535,1.2105278063944485,13.009807745915564,72.0
13:23,12.937014520848484,1.1076322708608597,2.356389999367372,22.0
13:24,20.338668079865293,1.1018519206568984,4.902175224794892,52.0
13:25,15.693427818320322,1.2942542082824338,5.1642645182402,59.0
13:26,16.13875446350648,1.248181285210591,7.093151447967221,28.0
13:27,19.092354247124923,1.0387078617714909,4.690987064187643,66.0
13:28,13.622171031329124,0.9642200872553098,19.131142978872113,55.0
13:29,13.849070710320174,0.8666705709567366,16.06023277199079,28.0
13:30,20.10050491152534,0.956877593866519,5.489191634048196,31.0
13:31,17.556538465586417,1.1124962241977603,7.3993615522207845,57.0
13:32,17.1504971769747,1.1952392281532505,3.2777726861107825,22.0
13:33,21.330139304898516,1.0499860008682702,0.6762322580410962,82.0
13:34,14.89119792755677,0.8466800170502263,14.457536567663867,14.0
13:35,18.04115640830184,0.8220359652521223,17.90124953157061,31.0
13:36,12.32673619261213,1.2630116275260934,10.817644456885665,76.0
13:37,14.750264544962889,1.2648061202688494,3.2606025922975745,50.0
13:38,14.195472073266638,0.9147769444727045,12.052770898238833,72.0
13:39,14.529912883579879,1.2883100353001895,13.852609447918843,34.0
13:40,17.22920997829521,1.1566823911113442,17.662483245831314,52.0
13:41,17.400057266947883,0.8277107823380407,4.25950130768225,70.0
13:42,12.639620149490781,1.2160020964611737,14.393169998020017,31.0
13:43,14.359199547387153,0.9241462064907048,4.786041869211084,67.0
13:44,18.65968883169204,1.2699233273851385,0.5252698490992413,10.0
13:45,19.230933869186792,1.0064841227637498,16.391805894382465,35.0
13:46,20.97068540110173,1.2266901107689565,15.182072782144719,68.0
13:47,18.610379761670238,1.0818162758614145,5.537465559321779,68.0
13:48,20.117173659268822,1.260417805696702,0.05973216392605174,11.0
13:49,18.506305551624845,1.2202242100923848,9.388266267942075,65.0
13:50,15.566839003701698,0.8623469649811025,3.943467185730576,36.0
13:51,12.752975518221906,0.881578171143232,10.658661333799182,36.0
13:52,12.16809599966215,1.077371488249285,11.419774726420348,79.0
13:53,19.983135722380684,1.009569214502522,14.023207746383193,80.0
13:54,12.192496845418429,1.2253748851660322,15.189641302552019,30.0
13:55,18.55036705012572,1.194347357460708,2.343370109432661,45.0
13:56,17.083196333120668,1.081010719994079,17.24963007962089,51.0
13:57,16.696092838718478,0.8097748767176175,17.648221163907746,68.0
13:58,20.42757213900552,1.1059517972125261,3.4141959191942806,46.0
13:59,14.904409294716727,1.1557952671338327,11.760374314308017,20.0
14:00,14.190811121813272,1.1845151379504644,9.803584315822452,56.0
14:01,14.84644946407822,1.2131482451909397,12.90133624155424,10.0
14:02,19.413410684627227,0.85797292808274,0.876561547596284,45.0
14:03,12.356915239533919,0.8117643538338651,5.1551846982555505,7.0
14:04,21.385307510413973,1.0042520126417926,17.035909190217893,75.0
14:05,20.6453607204186,0.9286123206251842,7.4864134909253615,83.0
14:06,20.46092561667054,0.83217875582333,8.435723930484237,81.0
14:07,19.5422908067,0.9914125747091904,14.629148495738482,80.0
14:08,17.779966469456788,1.1846584761548777,12.669537964270214,86.0
14:09,12.445938936906336,0.9743730292160063,5.120556233959626,51.0
14:10,14.749230371281826,1.2785365704296363,4.565974618869479,73.0
14:11,13.086312557136129,0.9000680833864275,13.066089962470276,76.0
14:12,20.63517006928508,0.8687221197299766,1.3613058122260813,29.0
14:13,17.565503366532518,0.8482243588791079,14.286883257817706,50.0
14:14,19.14365569244238,0.8999794751585348,12.997264990250288,66.0
14:15,18.436187468971518,1.2316539912285671,5.55707298408747,58.0
14:16,16.109196102296696,1.2452632132835966,8.861870911285957,29.0
14:17,18.67541860395251,1.0408098852154928,1.7897883190049257,25.0
14:18,13.339037330528333,1.2377288821874828,6.344826900075065,77.0
14:19,12.697148944175625,1.0814604365212925,8.552514136943257,63.0
14:20,15.958407690129503,1.0980525135434616,19.69209005537673,17.0
14:21,11.85076343824312,1.0530136845779403,14.329999607551887,84.0
14:22,21.083935278547507,0.8961248992140323,17.502102071296775,51.0
14:23,17.76391188383531,1.0147010758015338,5.795869476253257,66.0
14:24,20.661939726210665,0.8138084953748642,13.69356226710697,50.0
14:25,11.845205851807908,1.1897636283234618,7.697751793546721,66.0
14:26,16.77217313729994,1.094568747080359,5.298064377208718,32.0
14:27,21.28791890290948,1.2096411083488396,7.822624208931188,14.0
14:28,16.997058329673145,1.1645884153561394,9.099342530261827,83.0
14:29,14.663052329084286,1.2226340745796958,5.604235270253608,86.0
14:30,13.54962882196582,0.91123305127532,3.2922381593012062,11.0
14:31,13.923837966134156,1.258017619728606,6.195796520772454,66.0
14:32,13.840511988625414,0.9249449371795755,8.93421042304272,67.0
14:33,19.063956862167974,0.8544030681107938,14.257755996266447,57.0
14:34,19.13304129181566,0.8818826379188531,19.27123628841681,71.0
14:35,12.321908040705974,0.9760797995256179,12.828441056522333,46.0
14:36,12.924023882124684,1.1416401588935372,11.965939731629387,76.0
14:37,18.164546069046338,0.9849750216561797,4.124546476186071,30.0
14:38,21.259802883785945,0.9188029635543903,13.971715586576297,37.0
14:39,16.174002277957207,0.8794095928045799,3.4075084450427573,47.0
14:40,16.540067058746832,1.1587430093736766,18.18464199081464,31.0
14:41,18.220590935337107,1.1259122994317246,19.446811399199593,84.0
14:42,17.124899807306445,1.1763340802226594,10.914779900814843,74.0
14:43,13.322813586908962,0.9464167496498856,18.82139528489531,70.0
14:44,14.58490799003785,1.1978963495215273,10.56734236552346,57.0
14:45,17.74596833327607,1.0123419737347832,5.2428253592017615,80.0
14:46,19.43280164516537,1.2692479257501084,3.076569255417956,85.0
14:47,17.39170926126087,1.101236796349681,19.852683540952714,11.0
14:48,21.199138836321122,1.0629205195322067,11.29441207751496,45.0
14:49,13.315531561137291,1.115019495563623,19.374056275803305,35.0
14:50,17.72594477846609,0.8387813907076278,10.076366708116717,13.0
14:51,19.510818325427415,0.9090588976675302,15.648072154030757,22.0
14:52,17.213512297781435,1.0386804220807981,1.4592496565342383,70.0
14:53,20.218638989882475,1.024641809218898,13.925363863064298,25.0
14:54,11.82885593892803,1.2556362157341834,19.44281861350373,54.0
14:55,20.756228853339213,0.9011492681749405,17.74388197516464,56.0
14:56,17.0729039513139,1.1796644394900069,2.2662936669758005,9.0
14:57,20.789007170184252,1.0516660058876812,4.1916635553816946,64.0
14:58,17.20852622677068,1.0258370690162535,11.534685221936666,29.0
14:59,12.498163697407815,0.8209687173111508,11.655110795590158,73.0
15:00,18.038536088091597,1.0796880430520068,13.846493993906853,12.0
15:01,14.499027704442817,0.9983898844062414,1.9983235316819692,53.0
15:02,11.304370968909662,1.143670017060386,5.536360512034717,71.0
15:03,20.259670347602885,1.1904704369627397,6.657405266149503,74.0
15:04,11.398318962064245,0.9565543066005968,9.546844239819936,55.0
15:05,18.910149473126996,0.957538569398834,6.598197673844224,56.0
15:06,16.23327588682012,0.9930106924976067,14.687496903646629,30.0
15:07,15.125776260288866,1.1806072211167806,17.299915252812095,58.0
15:08,20.645672446833355,0.8437452079747003,16.36459653832783,49.0
15:09,12.49789825006058,1.0998940174523268,18.935632469129164,55.0
15:10,19.421507648756137,0.8324589976174583,13.328198648729462,41.0
15:11,17.408425639737164,1.2802852048127722,6.343687118728775,47.0
15:12,15.00443267920523,1.0371409093028439,1.4671532565186785,9.0
15:13,11.766707208365862,0.949590595214165,13.523342441967465,11.0
15:14,20.912585896727943,0.8574844928344266,11.16441450004743,11.0
15:15,16.32661309745696,0.9046003310402174,18.618207554773004,86.0
15:16,13.49247377455936,0.9238680328491634,10.127784180325968,30.0
15:17,20.1516735136374,1.0684143010278677,17.264267786420405,19.0
15:18,14.152187803584342,1.0403912961495418,18.063027234003467,79.0
15:19,15.037094407960442,1.0538302860101512,5.257062563784787,29.0
15:20,14.299078477692671,1.1552874215870992,7.615983696538873,39.0
15:21,11.352586360479371,1.153338643702845,17.696231562249192,47.0
15:22,18.290583492929148,1.203027788309846,13.747571553017073,42.0
15:23,15.05163015425075,0.8862983656474777,9.387520027696866,38.0
15:24,16.563354479763778,0.8407756794504346,13.533509424589125,34.0
15:25,17.137887651695454,1.237053588008715,3.3076489336833315,8.0
15:26,18.16131672196193,0.8990417642218901,17.709761437733732,76.0
15:27,12.303611812927965,0.9460017408005752,12.687179859643361,28.0
15:28,20.220846537074625,0.9875259485708489,11.366201562782997,25.0
15:29,20.01501175501234,0.9745283753862035,18.106962535401376,9.0
15:30,19.028057655980753,1.0247787326093392,10.888386031608386,71.0
15:31,17.62411146191319,1.0223163594617146,4.251967551810562,47.0
15:32,14.806767611068596,0.9945673221479279,8.014983340627428,49.0
15:33,20.474412554249415,1.0703854064700264,8.436050299895141,52.0
15:34,13.13402265186858,1.0483665391232269,5.524486796341231,14.0
15:35,15.50224893806869,0.9941568526643421,0.1435118259061241,9.0
15:36,21.18986086846161,1.2619568474754577,19.094169853844743,76.0
15:37,17.047976467883313,1.187539264001016,15.15681556184106,70.0
15:38,12.378057251093544,0.9582176545435576,10.934202477249116,60.0
15:39,12.002987377060409,1.2644041629245975,12.791216200843522,60.0
15:40,14.39282332028207,0.8708753874153541,16.275441748533243,83.0
15:41,12.382852734144729,0.885113266005777,2.6920364012163533,20.0
15:42,14.990158976444045,1.1968782473246637,10.122505394514238,20.0
15:43,14.800619665719255,1.2100761616146585,14.775750938913712,82.0
15:44,14.132949540979851,0.9054653234088103,11.550867912133132,11.0
15:45,14.68135322662418,0.9360924251598288,17.909104266545196,37.0
15:46,17.21649404445929,1.2686473259930908,1.7678580162986512,30.0
15:47,17.106503213823373,0.942418094359335,13.72258822869727,17.0
15:48,12.167361346284473,1.183525549384254,11.78967127168608,64.0
15:49,16.752821255105186,1.033798857633635,11.351166852467083,11.0
15:50,17.04323621506694,0.9631868894582301,17.005470194601283,76.0
15:51,13.592965519528624,1.2946966712574062,11.433658243434655,52.0
15:52,19.484850667868344,1.0681694898893452,0.5927359310937663,9.0
15:53,12.110550861056018,1.014880620140219,11.001159294690826,53.0
15:54,14.831583009950407,1.1391863136718916,16.543805589030946,44.0
15:55,12.685325253994517,1.0803243376080145,8.220605069040888,60.0
15:56,16.50080017451165,1.06941191838519,3.802007606794817,34.0
15:57,16.233099058222237,1.1945698916290846,19.342701630641553,82.0
15:58,17.414483325585124,1.0733121336587716,12.44935148276114,16.0
15:59,12.1048703236056,1.2036495993891452,18.079485000323594,7.0
16:00,11.151291201799637,0.9395293215278855,10.867089604264253,49.0
16:01,11.815625852756495,0.9707816772357162,18.787764376836087,61.0
16:02,12.129925279481093,0.9361461836237845,17.646223273307548,57.0
16:03,16.879875553878044,0.9884805948362974,3.319447733826184,12.0
16:04,14.274351022908018,1.260323611946634,15.090467632500513,12.0
16:05,17.81432765722727,0.9544196516742975,18.397940008803563,40.0
16:06,20.32693238128744,1.0906382417739315,3.0772880761142707,35.0
16:07,20.195349930381568,1.0285184318932616,3.44050819072923,24.0
16:08,13.159980105473444,0.8975938556518164,3.867177787024294,12.0
16:09,13.200037552089304,1.099041984380741,13.79469636167835,67.0
16:10,11.840183882908121,1.1296776075955102,5.887926651324433,46.0
16:11,15.386459194158983,1.0392835739439155,3.344641994206279,41.0
16:12,20.431852861810714,1.224148576668052,18.526140348329246,22.0
16:13,11.408362233580537,1.0295304073582994,4.603695667286532,48.0
16:14,19.12840929626178,1.0391659290462658,17.995132911094288,46.0
16:15,16.353069981269215,1.1364569567605542,1.945983627782828,45.0
16:16,20.99717467858013,0.9053178670648989,1.5235495248929487,39.0
16:17,19.534499244720635,1.2662106382968321,17.426977567814333,30.0
16:18,18.699396383700083,0.9388640687036418,19.01294004813622,29.0
16:19,18.5833863474429,0.8903700670452837,2.7983998145560673,25.0
16:20,20.959125059788573,1.246176156619524,11.849483274204415,35.0
16:21,17.509517643006475,0.935736989762225,3.5626641347567323,29.0
16:22,19.016721532437643,1.1897729126669314,0.6275763675434232,86.0
16:23,20.14879941733603,1.0067847327514319,4.175477859107497,16.0
16:24,21.00456711121876,1.0563280991001718,15.206872459781266,26.0
16:25,14.760251924414751,0.8284735377629808,13.033009663871038,38.0
16:26,15.278421747063591,1.2855836778340461,17.564694636005566,43.0
16:27,17.6886414831274,1.2123851672267145,17.570842944887723,69.0
16:28,19.008707573392126,0.802843307066526,15.791398847481503,55.0
16:29,12.336279215548865,1.0767555816666023,18.900590382598825,79.0
16:30,13.71633631325896,1.0861066258009873,5.620708505520584,55.0
16:31,19.16968325882517,0.9097156127759922,11.388868913233773,79.0
16:32,13.533370839741583,0.9699166545580016,7.048349146670132,86.0
16:33,12.45020764345334,0.840593248248147,1.2406255235329655,66.0
16:34,13.303526225538201,1.1168982023995013,3.8621998159212856,68.0
16:35,18.28693104571154,0.8447791130149811,6.901934004249237,33.0
16:36,13.219321469087387,0.8293377874404939,4.5676755882927855,75.0
16:37,19.277626660618154,1.1015916045637244,18.963694233651946,36.0
16:38,18.278838662210106,1.2533129663267348,9.115488735724249,14.0
16:39,15.617280291932024,1.0307144448928625,16.410251696799858,52.0
16:40,18.068968486691606,1.0778689298051505,17.27923261539582,8.0
16:41,11.722147323807445,1.1313662162896665,12.389779589008898,41.0
16:42,12.487497331573206,0.9985379525959794,2.1041572307024237,45.0
16:43,19.465384964526002,1.1310973394468178,3.5876465901376253,85.0
16:44,17.520039838661468,1.0946262311399568,3.084468476925244,22.0
16:45,20.020896051537708,1.1512855555631112,11.789562883532538,11.0
16:46,14.774072412038361,0.9818906439877462,17.016605105002526,56.0
16:47,19.892140828902743,1.2469066530291268,19.260638260126935,85.0
16:48,12.974811427714268,1.0838536628996824,13.450608347178667,9.0
16:49,16.35284139244734,1.2576336612474561,15.704402012664001,18.0
16:50,16.01748216594395,1.130596907582913,15.696686607903846,79.0
16:51,16.41781665735616,0.9335929367190441,8.365448717174024,68.0
16:52,20.87835992419804,1.1972082447962888,1.9870502120150535,10.0
16:53,19.095947779060005,0.9204134510981739,18.64111258165221,38.0
16:54,13.276784917245543,1.286821512123371,7.599788227156226,67.0
16:55,18.440345573041217,1.094941273768096,2.970480488116618,57.0
16:56,13.33716637843681,0.883741463963037,1.504456275237005,26.0
16:57,19.1738568915351,0.8038957824867943,5.544216733749381,68.0
16:58,15.498724686532245,1.097115086930054,13.965019636123515,52.0
16:59,20.979299422266884,1.044715026625617,19.90681733860353,40.0
17:00,11.83714302785263,1.2283158214543577,8.034957918049546,44.0
17:01,14.212941699301073,1.0093588691503887,1.9587814225555022,18.0
17:02,20.65978726997225,0.8412023327645011,5.776697574973822,34.0
17:03,20.392597890586515,1.1539629952290333,18.235529234454503,63.0
17:04,19.903143000626688,1.1782804188680829,7.152639765725965,83.0
17:05,12.577136402936729,0.9351605703761091,5.772643666037657,17.0
17:06,19.50492091725843,1.08479664893946,12.612157177697563,49.0
17:07,19.989944206670117,1.0989650750523787,12.914364091081428,67.0
17:08,20.50734580024602,0.9474792939846548,3.0452316935883528,36.0
17:09,19.239014912090944,0.9373445525357729,7.919811368275996,55.0
17:10,16.782110928372738,1.1724050750112518,1.5147404939613618,62.0
17:11,14.506341209974687,0.8788648415169089,16.45584990767079,17.0
17:12,16.964478778644754,1.2791923736761763,6.615836989113131,23.0
17:13,11.482822143481664,0.9094323252612732,19.873777987953638,76.0
17:14,14.137576652994769,0.9604102741323276,12.161999763613114,33.0
17:15,12.948321511472455,0.8821647334063303,10.996603491564453,23.0
17:16,12.60257329472219,0.8146616190346347,4.945962182548302,87.0
17:17,16.71313924622032,0.8083531995378557,5.385607903658292,77.0
17:18,19.96041265864403,0.9012317946271307,9.451555985882564,14.0
17:19,13.842669787792344,1.048662629082329,1.5799197810854948,56.0
17:20,17.268950243292412,1.0859037391932997,7.381968855830037,49.0
17:21,11.790011329275313,1.1934848091395682,3.8018498607994333,60.0
17:22,20.775321002677764,0.8698486551443667,3.907157092573015,87.0
17:23,11.830620225062434,1.1751030516396208,2.685236542955911,23.0
17:24,16.950090397020237,1.0751063747169363,14.343767925247672,40.0
17:25,16.56802051947205,0.8195579143360194,9.650456755517588,19.0
17:26,12.123538352444324,0.904664291052649,15.041548599929683,87.0
17:27,11.341208332773874,0.874026553001538,10.953823514299717,19.0
17:28,18.18214311486655,1.267969545772612,6.933911120269059,81.0
17:29,19.093295669403986,0.8271412479988429,3.5842345339737114,8.0
17:30,14.712039000956723,1.2836610038527319,1.043000769081197,29.0
17:31,19.15727573426361,0.9459338587155872,17.95271412043071,21.0
17:32,16.873363892100897,1.013623374151793,15.875591213950177,42.0
17:33,15.186873090567186,1.2045344129918276,10.63861989542872,18.0
17:34,14.5277171056535,0.9728137911235898,4.363817809482738,75.0
17:35,16.763318072750092,0.9371998346207503,13.893744687013356,60.0
17:36,11.060575885026351,0.9389585698781482,11.149716756492296,43.0
17:37,12.038244447418972,1.1452403700895057,11.643755161915209,40.0
17:38,15.914095883892056,1.1002637097472352,4.1563798253304896,47.0
17:39,15.895388151047575,0.8459649540931274,11.594204138850339,30.0
17:40,12.327460825652544,1.010077615506555,7.686861039851058,73.0
17:41,14.091042171511,1.0381571740277047,16.480102022733497,74.0
17:42,14.807941920146115,0.8308840756292657,15.317436360878776,24.0
17:43,17.528867699171958,1.1709096692400152,17.294502051973378,47.0
17:44,15.965846093880222,1.0588485959000509,17.139734206508304,60.0
17:45,11.548724100195045,1.0345229161732126,4.898987577776697,62.0
17:46,20.516069451097877,1.171967744548454,8.844415096183255,43.0
17:47,13.598311325250263,1.1030940157625462,1.7307919753042844,39.0
17:48,13.419702386390174,0.918143045411558,10.369019978462816,73.0
17:49,18.843633158138267,0.8319413372949863,13.478232257819059,65.0
17:50,15.278280507777128,1.190759891194343,16.947849845398842,72.0
17:51,13.198079464020624,0.8503916741863922,19.71332997077701,12.0
17:52,16.145883016760934,1.2799367638430048,12.657822683799044,14.0
17:53,15.736529398298664,1.2416386455039035,8.95476579132485,9.0
17:54,12.903117400020609,1.2408003714459566,3.562608153447644,76.0
17:55,15.896627920478684,0.834787026325684,11.104097884169391,19.0
17:56,16.21431748799658,1.225586712743716,16.168222997536063,69.0
17:57,11.918509815452667,0.8819092016856058,1.9406501290669675,41.0
17:58,14.554361870191835,0.8019208887405203,16.117839466239058,51.0
17:59,16.561986527902235,1.1394633570523136,16.670853262439532,64.0
18:00,11.009010629882773,0.9435277739461461,7.464230682230548,14.0
18:01,17.36464908796974,1.0317337085588731,15.865776585588012,25.0
18:02,15.131031593265439,0.9833658093774653,4.249497045821435,23.0
18:03,13.722983031297689,1.133041036818788,18.63985421368811,18.0
18:04,15.317797097660153,1.282296587257193,13.680324333269498,65.0
18:05,15.061254150606223,0.8183299518427314,8.408614498959864,83.0
18:06,14.889404642923639,0.9697575260492475,3.4194958599896585,34.0
18:07,11.172293353505822,1.095838511054921,17.267023703119886,29.0
18:08,12.023692918911422,0.8843206114784729,19.45793848637254,52.0
18:09,14.427580213792735,1.1708112236283887,1.8891862897779088,68.0
18:10,15.552607297327123,1.2263504910616307,13.146385980822053,27.0
18:11,13.573098503940898,0.8115711863507091,1.535106833980735,67.0
18:12,13.87083329834406,1.2136540317973283,13.52045900894074,19.0
18:13,20.092610427991122,0.9164457632769365,18.472154592638553,43.0
18:14,15.034555125272592,0.8472356740491978,11.684849182909964,72.0
18:15,12.599593326766161,1.0853127908618858,4.181743600944927,56.0
18:16,16.12906481908545,0.8671315605819523,4.629806969673078,59.0
18:17,15.687652159408106,0.9550243758832906,14.817740033619915,62.0
18:18,18.24316071542524,1.0641392807659091,18.500589737555593,21.0
18:19,15.743144641982466,1.2336668931939812,15.590304834769874,48.0
18:20,11.899207220226787,0.8987624541856939,13.365618768512576,87.0
18:21,19.317101235764717,1.1049013933723681,12.19256662928225,8.0
18:22,17.631652047629107,0.8073233069914743,3.67087557287199,67.0
18:23,13.058534126089793,0.9823863084757701,2.2181337710820714,37.0
18:24,18.666436309453914,0.9516762620378041,13.34002641370251,10.0
18:25,17.987302194156307,1.2303816406725367,15.814016970567987,37.0
18:26,16.935592742648222,1.239406503552312,8.885408222002859,77.0
18:27,20.38438106432357,0.8912198052013209,17.062546603894425,45.0
18:28,18.07352009494214,1.134128545248158,12.59788801643133,16.0
18:29,14.413670575759543,1.161814550475288,15.776409871298231,35.0
18:30,20.192492477521473,1.0184904231250036,2.5837269045426003,18.0
18:31,16.63270946204296,1.2014477072936436,4.028148053739578,31.0
18:32,19.58171417269427,0.8726366155529964,19.375258607227003,39.0
18:33,17.115141952612884,0.9861849004954126,15.227843820967292,61.0
18:34,19.297650101561747,1.0901972254613492,0.5998212380298384,11.0
18:35,12.600039573947623,1.1048779421274444,11.916875121401011,71.0
18:36,18.363790546781978,1.0736731184656283,1.486430309199731,77.0
18:37,19.493248925788386,0.8934331086203573,5.386349807073585,53.0
18:38,17.811074828102942,0.8875020050236484,14.6926636300773,69.0
18:39,15.314171854589093,1.1629997060861061,19.620241879631834,35.0
18:40,17.43395431778438,1.173717789777446,5.349077595693117,60.0
18:41,14.886914079843065,0.9787380855290364,5.646987513526791,47.0
18:42,15.643859909907468,0.8531677480439027,3.654089580285851,77.0
18:43,20.41725943990814,0.8494041737215987,11.921678661303257,30.0
18:44,11.983984352881276,0.8961427904628195,0.9028432388108643,51.0
18:45,11.971534397845256,0.9935961122896827,9.518360449163962,46.0
18:46,13.535580241112493,1.2702207360477706,10.155787115462756,22.0
18:47,20.160951249078533,1.2906808048265026,9.883711275654134,71.0
18:48,19.5782409873377,0.8738697696601481,9.345415521227858,52.0
18:49,12.000578495195686,0.8284019512330014,0.3849245216173114,51.0
18:50,15.296560572529737,1.23618433123145,15.923412874409122,80.0
18:51,15.450660913738073,1.1432087614264717,3.29157002605599,34.0
18:52,19.48869960621738,1.2238198433418055,0.719055725983615,9.0
18:53,14.868392569336491,0.8877075125755409,16.050969529520255,73.0
18:54,20.41251355265299,1.2992397479614393,0.40336681368400296,19.0
18:55,20.02632660901378,1.024538586442305,13.684730241679668,66.0
18:56,18.820578432854507,0.8050699246186277,17.710833853358324,32.0
18:57,18.931074662354746,1.1968031451790346,15.523430494961234,22.0
18:58,11.78466907866648,0.9077105372036691,7.365981461918414,7.0
18:59,18.90687943417481,1.0294508863694036,13.856732308147958,37.0
19:00,12.529486123588903,1.1997930678118802,15.55064465109524,28.0
19:01,12.912927553343799,1.0868578347513644,12.225598227392606,85.0
19:02,19.33630001961062,1.0148884201223436,5.634544348482127,17.0
19:03,16.790241788900467,0.9138350832231519,12.431628802187756,78.0
19:04,13.56856363883192,1.1979997518724703,6.727211712996876,64.0
19:05,11.414570560228933,1.1589150972529592,8.411973628483981,20.0
19:06,19.755966534930007,0.8677509030115271,4.615542746744426,41.0
19:07,11.618471353777696,1.2202651984522028,6.909107017286047,16.0
19:08,18.39939078576569,0.838910093970921,18.005170241817606,56.0
19:09,17.342760473163633,1.0696216416534376,11.904403091929865,79.0
19:10,20.084588447466665,0.9998452130687369,3.928841026733756,39.0
19:11,18.945716921016995,1.200196520854109,4.824709332399437,31.0
19:12,15.751447100676735,1.2723780908844091,18.876419731344825,66.0
19:13,11.716147351670239,0.9570259418441696,14.471040565977821,51.0
19:14,19.650056462735144,0.8638625314529769,7.814740996430853,59.0
19:15,14.474832862639042,0.8646949512604173,0.9796087047500834,58.0
19:16,16.815142033600445,0.9210100268209385,6.351231203072578,84.0
19:17,19.846349831603888,0.9510502357318882,4.600418352553688,42.0
19:18,18.342590184426076,0.8229543587793083,11.231365506740849,34.0
19:19,13.341941097867565,1.2330414819442583,12.062504585625613,70.0
19:20,17.535951664949604,0.9807426830649058,16.214992001610916,38.0
19:21,20.24538926546768,0.8925046699576209,16.00400277397537,79.0
19:22,17.767787870393033,0.9627414422341649,6.434650402897468,48.0
19:23,17.876105095648132,0.9953784509044039,18.737331187800518,16.0
19:24,15.764747594169222,1.193906434657797,4.54308406299651,82.0
19:25,16.91418339193841,1.0657331436223973,15.194617678780538,32.0
19:26,19.052037139760998,1.105610778162697,3.4979826123595226,58.0
19:27,11.56750540984825,1.2381613248591992,8.2080659036903,78.0
19:28,19.087481323870556,1.0303553959531542,10.303978068221578,24.0
19:29,19.08859884973013,1.1544808418882588,2.5915546130651657,26.0
19:30,20.13359193574221,0.8311071320198414,10.38257706631139,53.0
19:31,12.32335947654088,1.2733002490442136,3.1993834723304126,73.0
19:32,16.274230963230423,0.8540661764627486,1.6665984268284917,79.0
19:33,20.613400361478202,0.8831721842615385,15.591497136912578,60.0
19:34,19.305372795336112,1.1992033318917399,13.894854824179708,30.0
19:35,17.426804998105993,1.1622684263853396,7.786595272818799,58.0
19:36,17.03832544064505,1.117186963554686,16.498771168082442,82.0
19:37,13.02760217825974,1.1319229549862926,13.810144645057331,83.0
19:38,20.197112017574305,1.037444287533867,0.48404209536910825,51.0
19:39,12.8821201348141,1.075916934204308,8.123944593674487,16.0
19:40,13.03456465963944,0.8011135134304546,5.120249497982423,24.0
19:41,15.021995336722162,1.2128427469016736,10.984194983792442,68.0
19:42,11.34789742024889,1.0363305445857662,12.359768636835076,17.0
19:43,17.632905386873635,0.9026524473070081,14.879314524113953,32.0
19:44,14.692656660234908,1.0155170919832879,12.079366563599114,66.0
19:45,11.764233236830727,0.8277274511611821,7.2853609556250065,16.0
19:46,15.751163067171348,0.8093043154847555,11.314629577148995,73.0
19:47,19.459080233712527,1.1529290974933037,11.871791888976546,47.0
19:48,16.189938520700686,1.0797386445565547,10.0327571814113,47.0
19:49,19.316444279028964,0.9525283714117194,14.371779956587083,34.0
19:50,18.922670017154708,1.1353212389608016,0.7532762921351299,47.0
19:51,16.058492456248565,0.8320739792551082,2.9262532404190877,12.0
19:52,14.522405623849194,0.9164212159559479,10.323303973285809,46.0
19:53,12.492840686977841,1.217485085037906,14.038713673428113,58.0
19:54,16.639311201919003,1.111624398812855,18.66977266511356,38.0
19:55,19.4324225406759,1.0535648696874491,19.82297795802782,8.0
19:56,20.770162452975985,1.034664797887428,12.541619447584317,36.0
19:57,14.337768633565576,0.88597807438898,15.124369855709048,76.0
19:58,13.844431667256568,0.8580801585788076,1.233627524420764,77.0
19:59,18.938247197202273,1.2014274763248955,5.072340569389371,8.0
20:00,19.630754838254813,1.0442171785890586,2.3947931665893263,29.0
20:01,19.766400210004416,0.8236363705366834,16.042461848969232,33.0
20:02,16.50189434083305,1.2217238416767344,17.942801890692987,47.0
20:03,20.34718579792942,0.9957429175473366,0.7772374543697014,29.0
20:04,18.366714097428535,0.8961007372133281,0.09530155028890652,14.0
20:05,17.412133690252713,0.8441158618615514,13.17654452824738,77.0
20:06,12.009185824388371,1.1979826635059492,18.972592495773522,68.0
20:07,14.86294831825329,1.2278217191293062,17.059130583165164,8.0
20:08,16.60941985150994,1.120913846284932,12.020269196060557,62.0
20:09,17.977958675256257,0.9021246745227848,13.56589940177108,33.0
20:10,16.821630367995276,1.0870512228086215,6.048346355656429,65.0
20:11,15.055527215998518,0.8531015385445033,9.715964354277437,44.0
20:12,14.398854278438645,1.096666276975457,12.534743776964536,7.0
20:13,17.949942759627262,0.9429874066692163,16.313357366346416,78.0
20:14,11.41797411813033,1.1663717642788085,9.426456235950676,41.0
20:15,19.37009221933706,1.0434653749019982,11.625342304426727,85.0
20:16,16.854888932860984,1.0986686761266808,14.94647987190752,67.0
20:17,13.965870546100549,1.0016233979709614,12.64056232902556,66.0
20:18,17.0379728446009,1.0300222921870477,13.00170476139642,26.0
20:19,13.345895934936609,0.931008631302931,19.791307708610255,41.0
20:20,15.155173770454358,0.8419166315621531,13.027945819780376,79.0
20:21,13.332137607452433,0.9699637422367784,14.893305460582143,10.0
20:22,12.725345097113639,1.016030706130926,14.820274644584938,41.0
20:23,12.624908081791487,0.9059808664199998,1.9062202063473466,43.0
20:24,12.979610083443449,0.9020393443806993,11.626996487864595,70.0
20:25,14.975032423507495,1.119847446785937,8.118552743030524,40.0
20:26,11.878263900261938,0.9498033175483358,4.360877998066246,19.0
20:27,12.248952141050653,1.090007002601113,15.556453629338844,30.0
20:28,18.45928241589246,0.9090187170853076,13.888867516162788,21.0
20:29,14.729830933209916,1.166651317220274,16.82736747123148,50.0
20:30,17.957032177651197,1.1064272176081582,19.932080049259184,40.0
20:31,18.438573888852886,1.1576384817332652,13.539346663379739,43.0
20:32,15.032796277240422,1.1768094728775367,10.388497706984271,43.0
20:33,11.832448980489552,1.1553852518235312,17.940594315162947,22.0
20:34,12.847542301492213,1.1585292599925248,19.00474829742842,40.0
20:35,13.124513910334096,1.0003236880204627,4.63209686483296,48.0
20:36,13.23248035453783,0.8622448388262312,8.304254913183174,71.0
20:37,18.41954138416913,0.8890614157964914,1.3144466335394611,71.0
20:38,15.600641632790627,0.832350515830818,0.9948081469494019,77.0
20:39,14.40200390742778,1.090020436520001,15.984894112189895,85.0
20:40,16.450828621519026,1.1135488657501245,5.055583138298088,81.0
20:41,14.260655184153904,0.8399605849886893,12.733522493447866,27.0
20:42,11.913073035818242,0.8128671195708244,16.317462003942673,44.0
20:43,15.285555768913976,0.9030331391462671,10.959692998293002,14.0
20:44,19.791887781214506,0.8348047494464046,1.4095468169919245,16.0
20:45,11.90999997485507,0.9395553692010664,15.51273572127187,61.0
20:46,11.690073194141611,1.1833546113352624,2.9528639769908804,18.0
20:47,14.172410271371898,1.1695983751541827,2.0466214078255995,15.0
20:48,14.561347667783647,0.896816866061175,2.683514973410517,59.0
20:49,21.233060782028925,0.9896822746195053,5.231527664431537,63.0
20:50,20.05204505722246,1.0486282536772857,12.91028135051344,21.0
20:51,20.425981444853207,0.8596385193508567,4.969583808058804,39.0
20:52,17.289246380947844,1.0837806442755513,11.624637939063172,32.0
20:53,21.0813947555993,0.81108421452208,4.870808789539507,81.0
20:54,16.850350997726327,1.0150904812865944,2.2351531749169995,64.0
20:55,18.874825883152315,0.8042573292862945,1.3416411812553464,63.0
20:56,16.97657705150496,1.2773112317848663,8.191061248253169,42.0
20:57,13.771673537701659,1.049036759271166,5.5130171286430185,14.0
20:58,16.732475972501316,1.2784935180283301,0.3344114893484429,41.0
20:59,13.469545601543246,0.8248286072185422,17.034794494373028,31.0
21:00,18.073057831675268,0.8051111150672089,16.29004027927307,29.0
21:01,17.718407188496684,1.053155273750594,18.44472496828867,87.0
21:02,13.662923016049373,1.0144210132393667,5.119386461509712,83.0
21:03,14.671446503684106,0.9335384410873402,2.0773877803970486,9.0
21:04,18.967210853940998,0.805908673393555,0.44896344135712196,14.0
21:05,14.365401545342376,1.0887850494413356,12.499018951000817,47.0
21:06,12.464627221517375,1.1325208105371083,7.017146973627273,34.0
21:07,20.098243373460257,0.8779629105182344,8.620094076728739,65.0
21:08,15.754462373231577,1.252260078110985,15.71763664419721,79.0
21:09,18.771072522897914,1.2447041680282132,1.3243294228450497,36.0
21:10,19.836214826459685,0.8168378556260196,3.2060250808935087,47.0
21:11,20.819909269326683,1.1232098160631734,9.353487908919796,39.0
21:12,13.241663031654166,1.1001714132219615,4.2908647236347335,58.0
21:13,20.877026500757758,1.270716849815835,6.685953151077144,75.0
21:14,12.004661791648278,0.863771523601679,14.815857481003958,79.0
21:15,13.01198649417608,1.1549757319836669,1.8994598008536223,9.0
21:16,13.551574636331067,1.1046981912907965,18.976679535112282,56.0
21:17,12.71730356995723,0.9850406659633544,2.1469971205251515,83.0
21:18,13.725234380122524,1.1458440813364357,17.415872696876107,17.0
21:19,12.972382204805898,1.1173074819959015,6.0930838600752395,64.0
21:20,19.895387233268032,1.2131783629760566,13.008916336593337,39.0
21:21,20.237533183413646,1.138611635286501,5.014038385116244,11.0
21:22,17.062773450630974,0.8880709728047705,2.8129023043027956,24.0
21:23,11.932139866657026,1.156665935632843,14.917468708326716,45.0
21:24,20.311767366680755,0.9897704136042287,0.647798210483006,7.0
21:25,12.58821148186636,1.1482808302969307,8.436798617402925,38.0
21:26,18.977424905047705,0.8328174918378464,5.021544949651108,25.0
21:27,12.037367609622311,1.1849753971465125,17.730978550287446,62.0
21:28,16.26291930826237,1.2215901115833705,0.9947285416211793,10.0
21:29,19.89855270022651,1.1397927038706772,2.5621643461258015,84.0
21:30,20.109772540985016,1.1443396625528701,18.95464276121827,42.0
21:31,12.142751787404329,1.2234411060061685,18.421395744712303,45.0
21:32,12.061194312359175,1.1158849009266407,1.1484175775716343,9.0
21:33,20.835716843953808,1.2293536511956682,13.34521865390174,14.0
21:34,16.43215752172707,0.9083983318895578,17.006594431361282,75.0
21:35,16.328461288912827,0.9070852975247132,8.982640191744602,22.0
21:36,12.73663536195963,0.9020633505525237,14.430513087987393,61.0
21:37,16.084789199858566,1.2586110354043245,2.4699706910912322,35.0
21:38,20.086816114928475,0.8030473166815805,16.21118959288203,53.0
21:39,18.135309619172595,0.9512083468869861,18.503676154756114,70.0
21:40,15.420373640974406,0.8099767163612006,13.377292592942517,46.0
21:41,20.303818436636227,1.1200955391794498,6.123893193147067,11.0
21:42,20.60363395963919,1.0314755921495564,11.00447144702632,36.0
21:43,18.6721878242329,1.0261570473913217,6.8437275440094485,78.0
21:44,13.76082444354814,1.297646559680099,16.698438162077636,47.0
21:45,17.928164330358335,1.0583445959436713,0.05301058794750624,46.0
21:46,18.87608384987386,1.1190437789296992,5.37578211995152,70.0
21:47,14.015368437031324,1.2280778279538065,7.937267430432538,17.0
21:48,17.252761260164025,0.8323340389114944,7.4728289896783835,59.0
21:49,13.049320851078335,0.8798642619319852,12.793490930751785,79.0
21:50,14.804361307753476,0.8454332095122581,11.053187932378483,29.0
21:51,21.032108991949496,0.9866120633870132,4.659963423475048,15.0
21:52,14.22078340412696,0.9382220241012511,16.221872711895877,27.0
21:53,12.833857467186622,1.047571713180726,8.057155499990412,29.0
21:54,16.47401819698494,0.8074016639441264,15.207437867491787,84.0
21:55,17.98462214689221,0.9244745058208119,15.383898802966474,35.0
21:56,17.471377254815444,1.28242280085341,1.81718652944316,14.0
21:57,12.670876925421798,1.0882036407801474,18.03290082651626,25.0
21:58,18.757613672188924,0.9974904701801062,12.48449455226119,79.0
21:59,17.942779465306533,0.8515368895558302,8.182685258019735,85.0
22:00,20.431290703591632,1.2444308361692444,13.549433983598036,22.0
22:01,19.900328923207415,1.1513009698547945,2.3512255965741113,81.0
22:02,19.19035858002631,0.933120256230466,8.953869983283457,50.0
22:03,17.443166043937875,0.9150734814071422,8.066818496992724,39.0
22:04,18.591715866131636,1.1723382269532387,5.939627494003432,20.0
22:05,13.395836256245593,1.1830489725366649,15.274782949462256,64.0
22:06,12.714026229043025,1.072308584036778,13.674835013406536,7.0
22:07,14.684789448858606,0.8393528678922275,6.477157295773077,38.0
22:08,20.836445364380747,0.9895137097626683,2.194075317031947,53.0
22:09,15.667830746544428,1.021502318277496,12.517342922034816,27.0
22:10,12.426556503987685,1.0836062929850296,14.349481555068895,38.0
22:11,15.959977922919014,1.1399826815773402,17.907603689827354,48.0
22:12,14.794828165740856,0.9118065470760972,15.245775222847545,50.0
22:13,12.731248669992999,1.1736393098701003,14.930462448986521,73.0
22:14,15.67002222468007,0.8105137741435757,4.050447943428868,35.0
22:15,19.53453197312618,1.251885704053971,4.1176432068504205,64.0
22:16,18.22256267862781,1.0417735705600386,13.992550865917453,48.0
22:17,13.850972763694735,0.8460393697048243,9.54197340755943,65.0
22:18,12.050938743097502,1.1467533474835079,6.306296388106389,51.0
22:19,17.97696644334982,0.9760853738357153,9.112329706844992,84.0
22:20,21.512760903234597,1.0127333375285723,4.092180699974257,18.0
22:21,13.279671479360522,1.2906784619549905,12.182552125844667,83.0
22:22,15.470934685560863,1.1468225507821377,9.265131215125887,13.0
22:23,14.905393081795912,0.8667460879506124,14.201844024587187,34.0
22:24,16.284791837676874,1.2136750827023013,8.968786709433994,58.0
22:25,21.490433900598788,0.8487361459248004,14.24959213647008,48.0
22:26,14.736761988983641,1.149079442837984,6.565207612015667,19.0
22:27,15.628199723133395,0.9979475831019635,3.8398793317736413,41.0
22:28,16.874911328773372,0.8262504507403925,3.9835100015239955,35.0
22:29,11.931350204058473,0.9635347663236749,5.847369436053265,85.0
22:30,15.339716070767471,1.159202499512102,4.449155179593259,31.0
22:31,19.3668700713233,1.1573970362795598,1.3341275973085032,69.0
22:32,18.123034438990242,1.1475398938447783,17.589273644814764,35.0
22:33,19.55843586975227,0.9253367658941022,6.744919947044323,28.0
22:34,13.064113319880441,1.0274028723057629,6.17284454538299,63.0
22:35,11.864346444083333,0.9489579541919553,8.210497642543395,52.0
22:36,12.98482840379581,0.8368550972742902,1.3117912829575795,34.0
22:37,20.62632350703333,0.8226446688908637,7.802382104481051,9.0
22:38,12.8186287428781,0.883656405282115,19.564550647960594,54.0
22:39,15.771314246266613,1.2911724182201034,10.767107583163213,57.0
22:40,16.151807387459062,1.145928732342907,8.295238991189184,17.0
22:41,16.327151352141026,1.1921195882293876,16.360102966541405,9.0
22:42,13.965282358305014,1.2974769978866925,15.620206114543265,69.0
22:43,17.941695001435072,0.980424994739691,9.04723152856711,29.0
22:44,17.1151148623019,1.1508894201389017,5.993654649815541,25.0
22:45,15.34055066859569,1.240388451760651,3.175395995417707,16.0
22:46,20.07743201530339,0.8847529375545908,12.103622944855822,42.0
22:47,20.073361615208842,1.066143319010715,18.309121784724947,68.0
22:48,16.935862172904685,1.0395979013783276,2.4989232310011045,75.0
22:49,12.560983003541775,0.9731469513543689,3.264644345312413,78.0
22:50,18.41143370842372,1.1769498001976122,18.413677043211557,13.0
22:51,21.572700497456665,1.2082001891829153,18.31769120165707,54.0
22:52,15.182879418520901,0.9548433608020546,12.446339796069418,35.0
22:53,14.207667501456548,1.1685189758407275,17.762189062819136,24.0
22:54,12.626254579173398,1.0052133054049623,0.13399207496915366,72.0
22:55,17.07232660260138,1.0828185673213724,2.2950469243267158,14.0
22:56,17.414574328178343,1.2508236548746499,11.762018295334347,49.0
22:57,13.09136658795837,1.108236161024286,14.375023318453193,14.0
22:58,14.705973464390752,0.994381832369867,19.126221502954188,30.0
22:59,12.543264868270956,1.2040313623696535,9.906077920870995,86.0
23:00,19.659333851868645,0.9587663520421319,14.942377633525304,14.0
23:01,21.680167221652184,1.2894732761630239,0.5664631765763906,40.0
23:02,17.244978318249842,1.2521744279795244,1.623336764117862,28.0
23:03,15.841175116531158,1.2825394392410414,19.974849587343677,10.0
23:04,16.83636711244396,1.069478097267622,11.227630262439964,12.0
23:05,12.137801660651244,0.9580049099605322,18.92585299823834,17.0
23:06,21.236718769234166,0.9441348088861564,17.65806003801241,61.0
23:07,20.44582553708731,0.8255052905780582,0.21594019016267563,21.0
23:08,20.009781497254565,1.0774205799030478,2.4228142272712394,71.0
23:09,21.623297448817514,1.2635177940733442,19.25421957544923,72.0
23:10,19.686902838814873,1.0928310668341927,9.030954665941087,38.0
23:11,14.196615690453035,0.913031461340681,0.33740028529381627,19.0
23:12,21.25575670531174,1.156921029035228,4.371551351809808,7.0
23:13,11.836893543727369,0.8907790316804535,8.85294557858799,83.0
23:14,11.838508350672154,1.131055642786972,1.5894563434951103,49.0
23:15,17.50672472149521,1.21740324730452,15.407831118463928,25.0
23:16,21.417629064793946,1.046109578586832,16.289763699871187,45.0
23:17,16.370063101132395,1.2180093865036978,11.18547096590694,31.0
23:18,19.18174516932387,1.1282043891762623,1.6095923887781072,84.0
23:19,18.354807368814757,0.9452582685082387,16.12906835867601,35.0
23:20,12.294228468893792,1.0716874682273925,14.665843677936504,59.0
23:21,14.583722480364417,1.2195715670526917,19.853441653457754,51.0
23:22,16.85524488649808,0.8259848203979686,13.513412600746681,86.0
23:23,19.92690581216735,1.0924304201389596,16.83626156372618,76.0
23:24,19.049860677999124,1.1057809574366138,13.411651304477619,68.0
23:25,17.956262457979072,0.8200476435743729,15.386833416201442,47.0
23:26,21.445228930322383,0.9988202333953031,16.41380522937348,35.0
23:27,15.14763686758587,0.9258986809474075,6.705429407468397,81.0
23:28,12.916217845707559,1.2825878989507027,3.6470087783622773,38.0
23:29,12.051898101475546,0.9111502400688722,18.515159688670003,43.0
23:30,14.731689840089292,1.0720061740823221,14.082965340296914,54.0
23:31,14.13350661923353,1.2762983189215023,7.692637423026456,19.0
23:32,19.514189416364385,1.248020683343385,6.647652597281559,9.0
23:33,13.839842616723464,1.0181372589729165,18.95030406712008,12.0
23:34,17.159444893017138,1.1939517681471632,5.141744266361982,28.0
23:35,16.411109871764985,1.0017891556313203,3.6018896611883244,62.0
23:36,15.895536674574378,0.9803063224865984,3.6810120238722677,85.0
23:37,19.538649899304605,0.8565906553225261,0.17970243109136863,71.0
23:38,17.441716838085597,0.8620249025391589,2.0886477501094336,85.0
23:39,13.355663907650783,1.1732625348946042,14.189837704191602,63.0
23:40,17.056839112723342,1.2023497674930113,18.786905315224537,87.0
23:41,20.033802811573945,1.0506981806195042,14.173629103811173,29.0
23:42,18.784457245951913,1.0644651956947833,9.066201408247066,16.0
23:43,21.649789594292848,0.9328890494117906,12.399501680778382,22.0
23:44,18.52975586132833,1.1590517963525817,11.806166225177464,38.0
23:45,21.4966548431152,0.8353715534140664,2.910421682376909,36.0
23:46,14.89738632790615,0.8270866876415102,11.487992276492196,58.0
23:47,18.94179248410802,1.2956353526697604,10.243652762979345,24.0
23:48,21.809440254207836,1.1006494090803494,9.328613714630023,55.0
23:49,15.447959136675713,1.1102687626976824,3.4411309199967755,73.0
23:50,18.014706093214492,0.9048629814105984,15.878771823469613,23.0
23:51,13.338996325216627,1.2723511476314875,0.825737358545684,12.0
23:52,20.908053684483942,0.9751455753541218,2.6252411557330158,72.0
23:53,12.901480196750086,1.29805776267627,6.308387840866114,53.0
23:54,17.225093431971413,0.9746125386857025,6.779297530177102,59.0
23:55,12.066228982670527,1.205389075391703,18.440450807829873,85.0
23:56,17.530753658675653,1.1893164841593222,10.414436180138587,14.0
23:57,17.223964421300813,0.8095018271241221,2.2153146389260825,74.0
23:58,19.88387242109269,0.8674485111565647,5.26527162860342,40.0
23:59,20.777501345975317,1.0206837240204336,9.417143522311065,31.0
